date,Unnamed: 0,remittances_usd_mn,oil_price_brent,usd_pkr,gulf_employment_idx,pol_stability_idx,month,year,oil_lag_1m,remit_lag_1m,oil_lag_2m,remit_lag_2m,oil_lag_3m,remit_lag_3m,oil_lag_6m,remit_lag_6m,gulf_lag_2m,pkr_lag_1m,oil_3m_avg,oil_6m_avg,pkr_3m_volatility,pkr_6m_avg,remit_3m_avg,remit_6m_avg,gulf_3m_avg,oil_mom_1m,oil_mom_3m,pkr_mom_1m,remit_mom_1m,oil_rising,pkr_depreciating,month_sin,month_cos,quarter,is_q4,is_eid_month,post_covid,crisis_2022
2010-07-01,2010-07-01,913.8271689497716,75.58,85.76387558156911,42.25523355862757,-2.5,7,2010,74.76,896.2038812785388,75.95,877.9931506849315,84.82,860.3698630136986,76.17,807.5,41.27327895462341,85.66939062204234,75.43,77.28166666666667,0.0960640113496021,85.52556351698492,896.0080669710806,869.3773211567732,41.766939192702004,0.010968432316746934,-0.10893657156331049,0.0011029022015998091,0.019664373296499393,1,1,-0.4999999999999997,-0.8660254037844388,3,0,0,0,0
2010-08-01,2010-08-01,932.037899543379,77.04,85.86151003974678,42.7542596688592,-2.5,8,2010,75.58,913.8271689497716,74.76,896.2038812785388,75.95,877.9931506849315,73.75,825.7107305936073,41.77230506485503,85.76387558156911,75.79333333333334,77.83,0.09606401134958961,85.62057339295352,914.0229832572298,887.0985159817352,42.2605994307806,0.0193172797036254,0.014351547070441173,0.0011384100533657904,0.019927981146080853,1,1,-0.8660254037844385,-0.5000000000000004,3,0,0,0,0
2010-09-01,2010-09-01,950.2486301369864,77.84,85.95914449792444,43.25328577909082,-2.5,9,2010,77.04,932.037899543379,75.58,913.8271689497716,74.76,896.2038812785388,78.83,842.1591324200913,42.25523355862757,85.86151003974678,76.82000000000001,77.665,0.09763445817760337,85.71715801824753,932.037899543379,905.1134322678844,42.7542596688592,0.01038421599169248,0.041198501872659055,0.0011371155495922824,0.019538615975304374,1,1,-1.0,-1.8369701987210297e-16,3,0,1,0,0
2010-10-01,2010-10-01,967.8719178082192,82.67,86.05362945745121,43.73621427286336,-2.5,10,2010,77.84,950.2486301369864,77.04,932.037899543379,75.58,913.8271689497716,84.82,860.3698630136986,42.7542596688592,85.95914449792444,79.18333333333334,77.30666666666667,0.09606401134958961,85.81321772709975,950.0528158295283,923.0304414003044,43.247919906937796,0.06205035971223016,0.09380788568404341,0.0010991845030408065,0.018545975350358734,1,1,-0.8660254037844386,0.5000000000000001,4,1,0,0,0
2010-11-01,2010-11-01,986.0826484018264,85.28,86.15126391562887,44.23524038309499,-2.5,11,2010,82.67,967.8719178082192,77.84,950.2486301369864,77.04,932.037899543379,75.95,877.9931506849315,43.25328577909082,86.05362945745121,81.93,78.86166666666666,0.0960640113496021,85.90980235239378,968.0677321156774,941.0453576864535,43.74158014501639,0.03157130760856419,0.10695742471443404,0.0011345768771546805,0.018815227778119725,1,1,-0.5000000000000004,0.8660254037844384,4,1,0,0,0
2010-12-01,2010-12-01,1003.7059360730592,91.45,86.24574887515564,44.71816887686753,-2.5,12,2010,85.28,986.0826484018264,82.67,967.8719178082192,77.84,950.2486301369864,74.76,896.2038812785388,43.73621427286336,86.15126391562887,86.46666666666665,81.64333333333333,0.09606401134962331,86.00586206124599,985.8868340943683,958.9623668188736,44.229874510941954,0.07234990619136972,0.17484583761562167,0.0010967332948161879,0.017872018841215143,1,1,-2.4492935982947064e-16,1.0,4,1,0,0,0
2011-01-01,2011-01-01,1021.9166666666666,96.52,86.3433833333333,45.21719498709916,-2.5,1,2011,91.45,1003.7059360730592,85.28,986.0826484018264,82.67,967.8719178082192,75.58,913.8271689497716,44.23524038309499,86.24574887515564,91.08333333333333,85.13333333333334,0.09606401134965366,86.10244668654003,1003.9017503805175,976.9772831050228,44.723534749020565,0.0554401312192454,0.167533567194871,0.001132049514915856,0.01814349197221632,1,1,0.49999999999999994,0.8660254037844387,1,0,0,0,0
2011-02-01,2011-02-01,1034.2600456621003,103.72,86.94230451293757,45.73324175224048,-2.5,2,2011,96.52,1021.9166666666666,91.45,1003.7059360730592,85.28,986.0826484018264,77.04,932.037899543379,44.71816887686753,86.3433833333333,97.23,89.58,0.37714471654969994,86.2825790987385,1019.9608828006088,994.014307458143,45.222868538735725,0.07459593866556147,0.2162288930581613,0.0069365034873847264,0.012078655137014227,1,1,0.8660254037844386,0.5000000000000001,1,0,0,0,0
2011-03-01,2011-03-01,1045.408904109589,114.64,87.48326557838658,46.199348507852,-2.5,3,2011,103.72,1034.2600456621003,96.52,1021.9166666666666,91.45,1003.7059360730592,77.84,950.2486301369864,45.21719498709916,86.94230451293757,104.96,95.71333333333332,0.5701866633390561,86.53659927881553,1033.8618721461187,1009.8743531202434,45.71659508239721,0.10528345545699969,0.25358119190814654,0.006222069549220555,0.010779550553315254,1,1,1.0,6.123233995736766e-17,1,0,0,0,0
2011-04-01,2011-04-01,1057.7522831050228,123.26,88.08218675799084,46.71539527299331,-2.5,4,2011,114.64,1045.408904109589,103.72,1034.2600456621003,96.52,1021.9166666666666,82.67,967.8719178082192,45.73324175224048,87.48326557838658,113.87333333333333,102.47833333333334,0.5701866633391122,86.87469216223879,1045.8070776255706,1024.854414003044,46.21599517769527,0.07519190509420803,0.27704102776626627,0.006846122805825194,0.0118072258107913,1,1,0.8660254037844387,-0.4999999999999998,2,0,0,0,0
2011-05-01,2011-05-01,1069.697488584475,114.99,88.66178789954336,47.21479536829137,-2.5,5,2011,123.26,1057.7522831050228,114.64,1045.408904109589,103.72,1034.2600456621003,85.28,986.0826484018264,46.199348507852,88.08218675799084,117.63,107.43,0.5892875534820861,87.29311282622454,1057.6195585996954,1038.7902207001523,46.709846383045566,-0.06709394775271793,0.1086579251831854,0.006580231064710063,0.011293008457885056,0,1,0.49999999999999994,-0.8660254037844387,2,0,0,0,0
2011-06-01,2011-06-01,1082.0408675799088,113.83,89.26070907914762,47.73084213343269,-2.5,6,2011,114.99,1069.697488584475,123.26,1057.7522831050228,114.64,1045.408904109589,91.45,1003.7059360730592,46.71539527299331,88.66178789954336,117.36,111.15999999999998,0.5892875534821503,87.79560619355654,1069.830213089802,1051.8460426179604,47.22034425823912,-0.010087833724671702,-0.007065596650383865,0.006755121837638267,0.01153913057397915,0,1,1.2246467991473532e-16,-1.0,2,0,0,0,0
2011-07-01,2011-07-01,1093.9860730593607,116.97,89.84031022070012,48.230242228730745,-2.5,7,2011,113.83,1082.0408675799088,114.99,1069.697488584475,123.26,1057.7522831050228,96.52,1021.9166666666666,47.21479536829137,89.26070907914762,115.26333333333334,114.56833333333333,0.5892875534822104,88.37842734145102,1081.9081430745814,1063.8576103500761,47.72529324348494,0.027584995168233428,-0.05103034236573101,0.006493351302403028,0.011039514160096964,1,1,-0.4999999999999997,-0.8660254037844388,3,0,0,0,0
2011-08-01,2011-08-01,1106.3294520547945,110.22,90.43923140030438,48.746288993872064,-2.5,8,2011,116.97,1093.9860730593607,113.83,1082.0408675799088,114.99,1069.697488584475,103.72,1034.2600456621003,47.73084213343269,89.84031022070012,113.67333333333333,115.65166666666666,0.5892875534822836,88.96124848934546,1094.118797564688,1075.8691780821916,48.2357911186785,-0.057707104385739894,-0.041481867988520715,0.006666508365041901,0.011282939791834146,0,1,-0.8660254037844385,-0.5000000000000004,3,0,1,0,0
2011-09-01,2011-09-01,1118.6728310502283,112.83,91.03815257990864,49.26233575901338,-2.5,9,2011,110.22,1106.3294520547945,116.97,1093.9860730593607,113.83,1082.0408675799088,114.64,1045.408904109589,48.230242228730745,90.43923140030438,113.33999999999999,115.34999999999998,0.5989211796046972,89.55372965626583,1106.3294520547945,1088.0798325722983,48.746288993872064,0.023679912901469757,-0.008785030308354536,0.00662236034440955,0.01115705540741807,1,1,-1.0,-1.8369701987210297e-16,3,0,0,0,0
2011-10-01,2011-10-01,1130.6180365296805,109.55,91.61775372146116,49.76173585431144,-2.5,10,2011,112.83,1118.6728310502283,110.22,1106.3294520547945,116.97,1093.9860730593607,123.26,1057.7522831050228,48.746288993872064,91.03815257990864,110.86666666666666,113.065,0.5892875534824639,90.1429908168442,1118.5401065449012,1100.2241248097414,49.25678686906563,-0.02907028272622536,-0.0634350688210652,0.006366574069522901,0.010678015187190804,0,1,-0.8660254037844386,0.5000000000000001,4,1,0,0,0
2011-11-01,2011-11-01,1142.9614155251145,110.77,92.21667490106542,50.27778261945276,-2.5,11,2011,109.55,1130.6180365296805,112.83,1118.6728310502283,110.22,1106.3294520547945,114.99,1069.697488584475,49.26233575901338,91.61775372146116,111.05,112.36166666666666,0.5892875534825585,90.73547198376455,1130.7507610350078,1112.4347792998478,49.76728474425919,0.011136467366499314,0.004990019960079861,0.006537173803945473,0.010917373150459264,1,1,-0.5000000000000004,0.8660254037844384,4,1,0,0,0
2011-12-01,2011-12-01,1154.9066210045662,107.87,92.79627604261792,50.77718271475081,-2.5,12,2011,110.77,1142.9614155251145,109.55,1130.6180365296805,112.83,1118.6728310502283,113.83,1082.0408675799088,49.76173585431144,92.21667490106542,109.39666666666666,111.36833333333334,0.5892875534826433,91.32473314434294,1142.828691019787,1124.5790715372907,50.272233729505,-0.02618037374740445,-0.04395993973234058,0.0062852097212822144,0.010451101250835926,0,1,-2.4492935982947064e-16,1.0,4,1,0,0,0
2012-01-01,2012-01-01,1167.25,110.69,93.3951972222222,51.29322947989213,-2.5,1,2012,107.87,1154.9066210045662,110.77,1142.9614155251145,109.55,1130.6180365296805,116.97,1093.9860730593607,50.27778261945276,92.79627604261792,109.77666666666666,110.32166666666667,0.5892875534827379,91.9172143112633,1155.0393455098936,1136.7897260273974,50.78273160469856,0.02614257903031425,0.01040620721131913,0.006454151019263055,0.010687772302056198,1,1,0.49999999999999994,0.8660254037844387,1,0,0,0,0
2012-02-01,2012-02-01,1171.6402550091077,119.33,94.09258728098705,51.885109448632,-2.5,2,2012,110.69,1167.25,107.87,1154.9066210045662,110.77,1142.9614155251145,110.22,1106.3294520547945,50.77718271475081,93.3951972222222,112.63,111.83999999999999,0.6487786345859287,92.52610695804373,1164.5989586712246,1147.6748598531162,51.31850721442498,0.07805583160177076,0.07727724113027001,0.007467086954219937,0.0037611951245299924,1,1,0.8660254037844386,0.5000000000000001,1,0,0,0,0
2012-03-01,2012-03-01,1175.7472677595629,125.45,94.74498443273478,52.43880361293704,-2.5,3,2012,119.33,1171.6402550091077,110.69,1167.25,107.87,1154.9066210045662,112.83,1118.6728310502283,51.29322947989213,94.09258728098705,118.49000000000001,113.94333333333334,0.6750185739843247,93.14391226684809,1171.5458409228902,1157.1872659713388,51.87238084715373,0.05128634878069227,0.1629739501251506,0.0069335658695355296,0.0035053530577295877,1,1,1.0,6.123233995736766e-17,1,0,0,0,0
2012-04-01,2012-04-01,1180.1375227686704,119.75,95.44237449149962,53.0306835816769,-2.5,4,2012,125.45,1175.7472677595629,119.33,1171.6402550091077,110.69,1167.25,109.55,1130.6180365296805,51.885109448632,94.74498443273478,121.50999999999999,115.64333333333333,0.6750185739843984,93.7813490618545,1175.8416818457802,1165.4405136778369,52.451532214415316,-0.04543642885611798,0.08185021230463452,0.007360706880056078,0.0037340125122922174,0,1,0.8660254037844387,-0.4999999999999998,2,0,0,0,0
2012-05-01,2012-05-01,1184.3861566484518,110.34,96.11726809675592,53.60347064819936,-2.5,5,2012,119.75,1180.1375227686704,125.45,1175.7472677595629,119.33,1171.6402550091077,110.77,1142.9614155251145,52.43880361293704,95.44237449149962,118.51333333333334,115.57166666666667,0.6861725641833222,94.43144792780292,1180.0903157255616,1172.344637198393,53.02431928093777,-0.07858037578288102,-0.07533729992457883,0.0070712155774834695,0.003600117611559206,0,1,0.49999999999999994,-0.8660254037844387,2,0,0,0,0
2012-06-01,2012-06-01,1188.7764116575593,95.16,96.81465815552076,54.19535061693922,-2.5,6,2012,110.34,1184.3861566484518,119.75,1180.1375227686704,125.45,1175.7472677595629,107.87,1154.9066210045662,53.0306835816769,96.11726809675592,108.41666666666667,113.45333333333333,0.6861725641834079,95.10117827995339,1184.4333636915605,1177.9896023072254,53.6098349489385,-0.1375747688961393,-0.24145077720207253,0.007255616733330417,0.0037067766998652996,0,1,1.2246467991473532e-16,-1.0,2,0,0,0,0
2012-07-01,2012-07-01,1193.0250455373405,102.62,97.48955176077706,54.76813768346168,-2.5,7,2012,95.16,1188.7764116575593,110.34,1184.3861566484518,119.75,1180.1375227686704,110.69,1167.25,53.60347064819936,96.81465815552076,102.70666666666666,112.10833333333333,0.6861725641834892,95.78357070304587,1188.7292046144505,1182.2854432301153,54.18898631620009,0.07839428331231613,-0.1430480167014614,0.006970985779572336,0.0035739554033185073,1,1,-0.4999999999999997,-0.8660254037844388,3,0,0,0,0
2012-08-01,2012-08-01,1197.415300546448,113.36,98.1869418195419,55.360017652201535,-2.5,8,2012,102.62,1193.0250455373405,95.16,1188.7764116575593,110.34,1184.3861566484518,119.33,1171.6402550091077,54.19535061693922,97.48955176077706,103.71333333333332,111.11333333333334,0.6861725641835749,96.46596312613833,1193.0722525804492,1186.5812841530053,54.77450198420081,0.10465796141103101,0.02736994743520027,0.007153485129115289,0.003679935325356043,1,1,-0.8660254037844385,-0.5000000000000004,3,0,1,0,0
2012-09-01,2012-09-01,1201.8055555555554,112.86,98.88433187830674,55.9518976209414,-2.5,9,2012,113.36,1197.415300546448,102.62,1193.0250455373405,95.16,1188.7764116575593,125.45,1175.7472677595629,54.76813768346168,98.1869418195419,109.61333333333334,109.01499999999999,0.6973900587661711,97.155854367067,1197.415300546448,1190.924332119004,55.36001765220154,-0.004410726887791094,0.18600252206809587,0.007102676240253736,0.0036664430520505498,0,1,-1.0,-1.8369701987210297e-16,3,0,0,0,0
2012-10-01,2012-10-01,1206.0541894353369,111.71,99.55922548356304,56.52468468746385,-2.5,10,2012,112.86,1201.8055555555554,113.36,1197.415300546448,102.62,1193.0250455373405,119.75,1180.1375227686704,55.360017652201535,98.88433187830674,112.64333333333333,107.675,0.6861725641837463,97.84199619907757,1201.7583485124467,1195.2437765634486,55.945533320202266,-0.010189615452773415,0.0885792243227439,0.006825081309007164,0.0035352090528633084,0,1,-0.8660254037844386,0.5000000000000001,4,1,0,0,0
2012-11-01,2012-11-01,1210.4444444444443,109.06,100.25661554232786,57.11656465620372,-2.5,11,2012,111.71,1206.0541894353369,112.86,1201.8055555555554,113.36,1197.415300546448,110.34,1184.3861566484518,55.9518976209414,99.55922548356304,111.21,107.46166666666669,0.6861725641838231,98.53188744000623,1206.1013964784454,1199.5868245294475,56.53104898820299,-0.023722137677915978,-0.037932251235003545,0.007004775854548617,0.0036401805553720745,0,1,-0.5000000000000004,0.8660254037844384,4,1,0,0,0
2012-12-01,2012-12-01,1214.6930783242258,109.49,100.93150914758417,57.68935172272617,-2.5,12,2012,109.06,1210.4444444444443,111.71,1206.0541894353369,112.86,1201.8055555555554,95.16,1188.7764116575593,56.52468468746385,100.25661554232786,110.08666666666666,109.84999999999998,0.6861725641839078,99.21802927201679,1210.3972374013356,1203.9062689738919,57.11020035546458,0.003942783788740023,-0.029860003544214142,0.006731661562736191,0.0035099784209686735,1,1,-2.4492935982947064e-16,1.0,4,1,0,0,0
2013-01-01,2013-01-01,1219.0833333333333,112.96,101.628899206349,58.28123169146604,-2.5,1,2013,109.49,1214.6930783242258,109.06,1210.4444444444443,111.71,1206.0541894353369,102.62,1193.0250455373405,57.11656465620372,100.93150914758417,110.50333333333333,111.57333333333332,0.686172564184015,99.90792051294545,1214.7402853673345,1208.2493169398906,57.69571602346531,0.03169239199926932,0.01118968758392258,0.0069095376127299435,0.003614291616088172,1,1,0.49999999999999994,0.8660254037844387,1,0,0,0,0
2013-02-01,2013-02-01,1237.5913242009133,116.05,101.58398650972524,58.639051242236434,-2.5,2,2013,112.96,1219.0833333333333,109.49,1214.6930783242258,109.06,1210.4444444444443,113.36,1197.415300546448,57.68935172272617,101.628899206349,112.83333333333333,112.02166666666665,0.3903196878848634,100.47409462797602,1223.7892452861577,1214.9453208823013,58.20321155214288,0.027354815864022664,0.06409315972858964,-0.0004419283980688915,0.015181891476584886,1,0,0.8660254037844386,0.5000000000000001,1,0,0,0,0
2013-03-01,2013-03-01,1254.308219178082,108.47,101.54342020309736,58.96224309454518,-2.5,3,2013,116.05,1237.5913242009133,112.96,1219.0833333333333,109.49,1214.6930783242258,112.86,1201.8055555555554,58.28123169146604,101.58398650972524,112.49333333333334,111.29,0.04275791459527802,100.91727601544112,1236.9942922374428,1223.6957648193893,58.627508676082556,-0.06531667384747952,-0.009315919262033012,-0.00039933761237054277,0.013507605176500848,0,0,1.0,6.123233995736766e-17,1,0,0,0,0
2013-04-01,2013-04-01,1272.816210045662,102.25,101.4985075064736,59.32006264531558,-2.5,4,2013,108.47,1254.308219178082,116.05,1237.5913242009133,112.96,1219.0833333333333,111.71,1206.0541894353369,58.639051242236434,101.54342020309736,108.92333333333333,109.71333333333332,0.042757914595169685,101.2404896859262,1254.9052511415523,1234.8227682544434,58.973785660699065,-0.057343044159675505,-0.09481232294617559,-0.00044230041231552164,0.014755536625366217,0,0,0.8660254037844387,-0.4999999999999998,2,0,0,0,0
2013-05-01,2013-05-01,1290.7271689497716,102.56,101.45504360651512,59.66633962993209,-2.5,5,2013,102.25,1272.816210045662,108.47,1254.308219178082,116.05,1237.5913242009133,109.06,1210.4444444444443,58.96224309454518,101.4985075064736,104.42666666666666,108.63,0.04419027750507788,101.44022769662409,1272.6171993911719,1248.2032223386648,59.31621512326428,0.003031784841075913,-0.11624299870745369,-0.0004282220598732511,0.014071912946070242,1,0,0.49999999999999994,-0.8660254037844387,2,0,0,0,0
2013-06-01,2013-06-01,1309.2351598173516,102.92,101.4101309098914,60.02415918070249,-2.5,6,2013,102.56,1290.7271689497716,102.25,1272.816210045662,108.47,1254.308219178082,109.49,1214.6930783242258,59.32006264531558,101.45504360651512,102.57666666666667,107.53499999999998,0.044190277504961795,101.51999799034195,1290.9261796042617,1263.9602359208523,59.670187151983384,0.0035101404056161467,-0.05116622107495161,-0.0004426856963160031,0.014339196782104935,1,0,1.2246467991473532e-16,-1.0,2,0,0,0,0
2013-07-01,2013-07-01,1327.146118721461,107.93,101.36666700993293,60.370436165319,-2.5,7,2013,102.92,1309.2351598173516,102.56,1290.7271689497716,102.25,1272.816210045662,112.96,1219.0833333333333,59.66633962993209,101.4101309098914,104.47000000000001,106.69666666666667,0.044190277504855796,101.4762926242726,1309.0361491628614,1281.9707001522067,60.020311658651195,0.04867858530897795,0.05555012224938882,-0.0004285952455488351,0.013680475023759797,1,0,-0.4999999999999997,-0.8660254037844388,3,0,0,0,0
2013-08-01,2013-08-01,1345.6541095890411,111.28,101.32175431330916,60.7282557160894,-2.485962737096496,8,2013,107.93,1327.146118721461,102.92,1309.2351598173516,102.56,1290.7271689497716,116.05,1237.5913242009133,60.02415918070249,101.36666700993293,107.37666666666667,105.90166666666669,0.04419027750477007,101.43258725820327,1327.3451293759513,1299.9811643835617,60.3742836873703,0.031038636153062127,0.08502340093603733,-0.00044307165213752775,0.013945706962101623,1,0,-0.8660254037844385,-0.5000000000000004,3,0,1,0,0
2013-09-01,2013-09-01,1364.162100456621,111.6,101.27684161668545,61.086075266859794,-2.468804637046707,9,2013,111.28,1345.6541095890411,107.93,1327.146118721461,102.92,1309.2351598173516,108.47,1254.308219178082,60.370436165319,101.32175431330916,110.27,106.42333333333335,0.04491269665074638,101.38815749380127,1345.6541095890411,1318.2901445966515,60.72825571608939,0.0028756290438531895,0.0843373493975903,-0.00044326805164496275,0.013753899115451107,1,0,-1.0,-1.8369701987210297e-16,3,0,0,0,0
2013-10-01,2013-10-01,1382.073059360731,109.08,101.23337771672696,61.43235225147631,-2.4522000240952977,10,2013,111.6,1364.162100456621,111.28,1345.6541095890411,107.93,1327.146118721461,102.25,1272.816210045662,60.7282557160894,101.27684161668545,110.65333333333332,107.56166666666667,0.04419027750451642,101.34396919551017,1363.963089802131,1336.4996194824962,61.0822277448085,-0.022580645161290325,0.010655054201797354,-0.0004291593148508799,0.013129641190086305,0,0,-0.8660254037844386,0.5000000000000001,4,1,0,0,0
2013-11-01,2013-11-01,1400.5810502283105,107.79,101.1884650201032,61.790171802246704,-2.435041924045509,11,2013,109.08,1382.073059360731,111.6,1364.162100456621,111.28,1345.6541095890411,102.56,1290.7271689497716,61.086075266859794,101.23337771672696,109.49000000000001,108.43333333333334,0.044190277504418195,101.29953943110819,1382.2720700152206,1354.8085996955858,61.4361997735276,-0.011826182618261738,-0.03136232925952542,-0.0004436550240320969,0.013391470691238583,0,0,-0.5000000000000004,0.8660254037844384,4,1,0,0,0
2013-12-01,2013-12-01,1418.4920091324202,110.76,101.14500112014476,62.13644878686322,-2.4184373110940998,12,2013,107.79,1400.5810502283105,109.08,1382.073059360731,111.6,1364.162100456621,102.92,1309.2351598173516,61.43235225147631,101.1884650201032,109.21,109.74000000000001,0.04419027750427863,101.25535113281707,1400.3820395738205,1373.0180745814307,61.78632428019541,0.027553576398552826,-0.007526881720430034,-0.00042953413662127904,0.012788234498239293,1,0,-2.4492935982947064e-16,1.0,4,1,0,0,0
2014-01-01,2014-01-01,1437.0,108.12,101.100088423521,62.49426833763361,-2.40127921104431,1,2014,110.76,1418.4920091324202,107.79,1400.5810502283105,109.08,1382.073059360731,107.93,1327.146118721461,61.790171802246704,101.14500112014476,108.89,109.77166666666666,0.04419027750415005,101.21092136841509,1418.6910197869101,1391.3270547945206,62.140296308914515,-0.023835319609967542,-0.008800880088008722,-0.00044404267266162645,0.013047652541165577,0,0,0.49999999999999994,0.8660254037844387,1,0,0,0,0
2014-02-01,2014-02-01,1451.5940639269406,108.9,101.24185466630394,63.07925697282251,-2.4072757427006537,2,2014,108.12,1437.0,110.76,1418.4920091324202,107.79,1400.5810502283105,111.28,1345.6541095890411,62.13644878686322,101.100088423521,109.25999999999999,109.375,0.07245162446848957,101.19760476058087,1435.6953576864537,1408.9837138508371,62.56999136577311,0.007214206437291981,0.01029780128026725,0.0014022365854819974,0.010155924792582205,1,1,0.8660254037844386,0.5000000000000001,1,0,0,0,0
2014-03-01,2014-03-01,1464.775799086758,107.48,101.36990159526918,63.60763380460604,-2.4126919648418674,3,2014,108.9,1451.5940639269406,108.12,1437.0,110.76,1418.4920091324202,111.6,1364.162100456621,62.49426833763361,101.24185466630394,108.16666666666667,108.68833333333333,0.1349647060490687,101.21311475701151,1451.123287671233,1425.7526636225268,63.06038637168739,-0.013039485766758507,-0.029613578909353566,0.0012647627741242395,0.009080868741056625,0,1,1.0,6.123233995736766e-17,1,0,0,0,0
2014-04-01,2014-04-01,1479.3698630136987,107.76,101.51166783805212,64.19262243979493,-2.418688496498211,4,2014,107.48,1464.775799086758,108.9,1451.5940639269406,108.12,1437.0,109.08,1382.073059360731,63.07925697282251,101.36990159526918,108.04666666666667,108.46833333333335,0.13496470604920235,101.25949644389902,1465.2465753424658,1441.9687975646882,63.62650440574115,0.002605135839225836,-0.0033296337402886067,0.0013985042951798476,0.009963343151927706,1,1,0.8660254037844387,-0.4999999999999998,2,0,0,0,0
2014-05-01,2014-05-01,1493.4931506849314,109.54,101.64886097622916,64.7587404738487,-2.424491591649512,5,2014,107.76,1479.3698630136987,107.48,1464.775799086758,108.9,1451.5940639269406,107.79,1400.5810502283105,63.60763380460604,101.51166783805212,108.26,108.75999999999999,0.13948593775962614,101.33622910325334,1479.2129375951292,1457.4541476407915,64.18633223941656,0.016518188567186343,0.005876951331496683,0.0013515011732041504,0.009546826675555842,1,1,0.49999999999999994,-0.8660254037844387,2,0,0,0,0
2014-06-01,2014-06-01,1508.087214611872,111.8,101.79062721901212,65.34372910903761,-2.430488123305855,6,2014,109.54,1493.4931506849314,107.76,1479.3698630136987,107.48,1464.775799086758,110.76,1418.4920091324202,64.19262243979493,101.64886097622916,109.7,108.93333333333334,0.13948593775977616,101.44383345306458,1493.6500761035006,1472.3866818873669,64.76503067422708,0.02063173270038332,0.04019352437662804,0.001394666319144644,0.009771764885729617,1,1,1.2246467991473532e-16,-1.0,2,0,0,0,0
2014-07-01,2014-07-01,1522.210502283105,106.77,101.92782035718916,65.90984714309138,-2.4362912184571552,7,2014,111.8,1508.087214611872,109.54,1493.4931506849314,107.76,1479.3698630136987,108.12,1437.0,64.7587404738487,101.79062721901212,109.37,108.70833333333333,0.1394859377599122,101.5817887753426,1507.9302891933028,1486.5884322678842,65.33743890865922,-0.04499105545617177,-0.00918708240534527,0.001347797355466307,0.009365033755602603,0,1,-0.4999999999999997,-0.8660254037844388,3,0,1,0,0
2014-08-01,2014-08-01,1536.8045662100456,101.61,102.06958659997208,66.49483577828028,-2.4422877501134987,8,2014,106.77,1522.210502283105,111.8,1508.087214611872,109.54,1493.4931506849314,108.9,1451.5940639269406,65.34372910903761,101.92782035718916,106.72666666666665,107.49333333333334,0.13948593776002827,101.71974409762065,1522.3674277016742,1500.790182648402,65.91613734346976,-0.04832818207361611,-0.07239364615665511,0.0013908493509047215,0.009587415081588002,0,1,-0.8660254037844385,-0.5000000000000004,3,0,0,0,0
2014-09-01,2014-09-01,1551.3986301369862,97.09,102.21135284275503,67.07982441346918,-2.4482842817698423,9,2014,101.61,1536.8045662100456,106.77,1522.210502283105,111.8,1508.087214611872,107.48,1464.775799086758,65.90984714309138,102.06958659997208,101.82333333333334,105.76166666666666,0.1417662427922038,101.85998597220161,1536.8045662100456,1515.2273211567733,66.49483577828028,-0.04448381064855822,-0.13157423971377458,0.001388917575796178,0.009496369445941566,0,1,-1.0,-1.8369701987210297e-16,3,0,0,0,0
2014-10-01,2014-10-01,1565.521917808219,87.43,102.34854598093207,67.64594244752296,-2.454087376921142,10,2014,97.09,1551.3986301369862,101.61,1536.8045662100456,106.77,1522.210502283105,107.76,1479.3698630136987,66.49483577828028,102.21135284275503,95.37666666666667,102.37333333333333,0.13948593776028548,101.9994656626816,1551.241704718417,1529.5859969558599,67.07353421309081,-0.09949531362653208,-0.18113702350847605,0.0013422495090942288,0.009103583951202587,0,1,-0.8660254037844386,0.5000000000000001,4,1,0,0,0
2014-11-01,2014-11-01,1580.1159817351595,79.44,102.490312223715,68.23093108271185,-2.460083908577486,11,2014,87.43,1565.521917808219,97.09,1551.3986301369862,101.61,1536.8045662100456,109.54,1493.4931506849314,67.07982441346918,102.34854598093207,87.98666666666668,97.35666666666667,0.13948593776038012,102.13970753726257,1565.6788432267883,1544.0231354642312,67.65223264790131,-0.09138739563079046,-0.218187186300561,0.0013851319666948747,0.009322171578008076,0,1,-0.5000000000000004,0.8660254037844384,4,1,0,0,0
2014-12-01,2014-12-01,1594.2392694063926,62.34,102.62750536189206,68.79704911676563,-2.4658870037287866,12,2014,79.44,1580.1159817351595,87.43,1565.521917808219,97.09,1551.3986301369862,111.8,1508.087214611872,67.64594244752296,102.490312223715,76.40333333333334,89.11333333333334,0.1394859377605073,102.27918722774257,1579.9590563165905,1558.381811263318,68.22464088233347,-0.21525679758308147,-0.3579153362859203,0.0013385961580212324,0.008938133551262606,0,1,-2.4492935982947064e-16,1.0,4,1,0,0,0
2015-01-01,2015-01-01,1608.8333333333333,47.76,102.769271604675,69.38203775195453,-2.47188353538513,1,2015,62.34,1594.2392694063926,79.44,1580.1159817351595,87.43,1565.521917808219,106.77,1522.210502283105,68.23093108271185,102.62750536189206,63.18,79.27833333333334,0.1394859377606359,102.41942910232353,1594.3961948249619,1572.8189497716894,68.803339317144,-0.233878729547642,-0.4537344161043121,0.001381366937479589,0.009154249432316908,0,1,0.49999999999999994,0.8660254037844387,1,0,0,0,0
2015-02-01,2015-02-01,1612.4641552511414,58.1,102.93912149039392,69.8175860173891,-2.472052576117318,2,2015,47.76,1608.8333333333333,62.34,1594.2392694063926,79.44,1580.1159817351595,101.61,1536.8045662100456,68.79704911676563,102.769271604675,56.06666666666666,72.02666666666667,0.15601883584510595,102.5643515840605,1605.178919330289,1585.4288812785387,69.33222429536976,0.21649916247906198,-0.2686304128902316,0.0016527302671978106,0.0022568042584532044,1,1,0.8660254037844386,0.5000000000000001,1,0,0,0,0
2015-03-01,2015-03-01,1615.743607305936,55.89,103.0925342903981,70.21098445068485,-2.4722052580689717,3,2015,58.1,1612.4641552511414,47.76,1608.8333333333333,62.34,1594.2392694063926,97.09,1551.3986301369862,69.38203775195453,102.93912149039392,53.916666666666664,65.16000000000001,0.16170097653888593,102.71121515866768,1612.34703196347,1596.1530441400303,69.80353607334281,-0.038037865748709154,-0.10346487006737248,0.0014903255223379652,0.0020338139264148847,0,1,1.0,6.123233995736766e-17,1,0,0,0,0
2015-04-01,2015-04-01,1619.3744292237443,59.52,103.26238417611702,70.64653271611942,-2.472374298801159,4,2015,55.89,1615.743607305936,58.1,1612.4641552511414,47.76,1608.8333333333333,87.43,1565.521917808219,69.8175860173891,103.0925342903981,57.83666666666667,60.50833333333333,0.16170097653901594,102.86352152453185,1615.8607305936073,1605.1284627092846,70.22503439473111,0.06494900697799255,0.24623115577889454,0.0016475478742279392,0.0022471522718028325,1,1,0.8660254037844387,-0.4999999999999998,2,0,0,0,0
2015-05-01,2015-05-01,1622.888127853881,64.08,103.42675503326436,71.06803103750772,-2.472537886606502,5,2015,59.52,1619.3744292237443,55.89,1615.743607305936,58.1,1612.4641552511414,79.44,1580.1159817351595,70.21098445068485,103.26238417611702,59.830000000000005,57.94833333333333,0.16711785628595216,103.01959532612341,1619.3353881278538,1612.2571537290714,70.64184940143734,0.07661290322580627,0.1029259896729775,0.001591778637097807,0.0021697876456039378,1,1,0.49999999999999994,-0.8660254037844387,2,0,0,0,0
2015-06-01,2015-06-01,1626.5189497716894,61.48,103.59660491898327,71.50357930294231,-2.47270692733869,6,2015,64.08,1622.888127853881,59.52,1619.3744292237443,55.89,1615.743607305936,62.34,1594.2392694063926,70.64653271611942,103.42675503326436,61.69333333333333,57.80500000000001,0.16711785628609324,103.18111191897195,1622.9271689497716,1617.6371004566208,71.0727143521898,-0.04057428214731584,0.10001789228842362,0.0016422238681306212,0.0022372595223860703,0,1,1.2246467991473532e-16,-1.0,2,0,0,0,0
2015-07-01,2015-07-01,1630.0326484018265,56.56,103.76097577613064,71.92507762433061,-2.4728705151440327,7,2015,61.48,1626.5189497716894,64.08,1622.888127853881,59.52,1619.3744292237443,47.76,1608.8333333333333,71.06803103750772,103.59660491898327,60.706666666666656,59.27166666666667,0.16711785628625048,103.34639594754789,1626.4799086757987,1621.1703196347032,71.4988959882602,-0.08002602472348719,-0.04973118279569899,0.0015866432811761921,0.002160256805265215,0,1,-0.4999999999999997,-0.8660254037844388,3,0,1,0,0
2015-08-01,2015-08-01,1633.6634703196346,46.52,103.93082566184955,72.36062588976519,-2.4730395558762206,8,2015,56.56,1630.0326484018265,61.48,1626.5189497716894,64.08,1622.888127853881,58.1,1612.4641552511414,71.50357930294231,103.76097577613064,54.85333333333333,57.34166666666667,0.16711785628640405,103.51167997612383,1630.0716894977168,1624.7035388127852,71.9297609390127,-0.17751060820367748,-0.27403245942571774,0.0016369341599618004,0.002227453493871989,0,1,-0.8660254037844385,-0.5000000000000004,3,0,0,0,0
2015-09-01,2015-09-01,1637.2942922374427,47.62,104.10067554756849,72.79617415519976,-2.4732085966084085,9,2015,46.52,1633.6634703196346,56.56,1630.0326484018265,61.48,1626.5189497716894,55.89,1615.743607305936,71.92507762433061,103.93082566184955,50.23333333333334,55.96333333333333,0.1698498857280952,103.67970351898555,1633.6634703196348,1628.2953196347032,72.36062588976519,0.02364574376612194,-0.22543916720884838,0.0016342589856022105,0.002222502971862328,1,1,-1.0,-1.8369701987210297e-16,3,0,0,0,0
2015-10-01,2015-10-01,1640.8079908675795,48.43,104.26504640471582,73.21767247658806,-2.4733721844137517,10,2015,47.62,1637.2942922374427,46.52,1633.6634703196346,56.56,1630.0326484018265,59.52,1619.3744292237443,72.36062588976519,104.10067554756849,47.52333333333333,54.115,0.16711785628667386,103.84681389041869,1637.2552511415524,1631.8675799086757,72.79149084051767,0.017009659806803912,-0.1437411598302688,0.0015789605233851312,0.002146039747891182,1,1,-0.8660254037844386,0.5000000000000001,4,1,0,0,0
2015-11-01,2015-11-01,1644.438812785388,44.27,104.43489629043474,73.65322074202264,-2.473541225145939,11,2015,48.43,1640.8079908675795,47.62,1637.2942922374427,46.52,1633.6634703196346,64.08,1622.888127853881,72.79617415519976,104.26504640471582,46.77333333333333,50.81333333333333,0.16711785628679351,104.01483743328042,1640.84703196347,1635.4593607305935,73.22235579127016,-0.08589717117489148,-0.04836629406706794,0.0016290203819564475,0.0022128255944735553,0,1,-0.5000000000000004,0.8660254037844384,4,1,0,0,0
2015-12-01,2015-12-01,1647.9525114155251,38.01,104.59926714758208,74.07471906341094,-2.473704812951282,12,2015,44.27,1644.438812785388,48.43,1640.8079908675795,47.62,1637.2942922374427,61.48,1626.5189497716894,73.21767247658806,104.43489629043474,43.56999999999999,46.90166666666667,0.16711785628692424,104.18194780471354,1644.3997716894976,1639.031621004566,73.64853742734054,-0.14140501468262945,-0.20180596388072236,0.0015739074101268624,0.0021367159439549255,0,1,-2.4492935982947064e-16,1.0,4,1,0,0,0
2016-01-01,2016-01-01,1651.5833333333333,30.7,104.769117033301,74.51026732884552,-2.47387385368347,1,2016,38.01,1647.9525114155251,44.27,1644.438812785388,48.43,1640.8079908675795,56.56,1630.0326484018265,73.65322074202264,104.59926714758208,37.660000000000004,42.59166666666667,0.16711785628704393,104.34997134757528,1647.9915525114156,1642.6234018264838,74.07940237809302,-0.19231781110234147,-0.3660953954160644,0.0016238152556009577,0.002203232127538257,0,1,0.49999999999999994,0.8660254037844387,1,0,0,0,0
2016-02-01,2016-02-01,1651.844489981785,32.18,104.82722467454074,74.26329703508952,-2.467355235026832,2,2016,30.7,1651.5833333333333,38.01,1647.9525114155251,44.27,1644.438812785388,46.52,1633.6634703196346,74.07471906341094,104.769117033301,33.63,40.20166666666666,0.11845541760944295,104.49937118302381,1650.4601115768812,1645.6535717701754,74.28276114244865,0.04820846905537457,-0.2730969053535126,0.0005546256653214954,0.0001581250205067164,1,1,0.8660254037844386,0.5000000000000001,1,0,0,0,0
2016-03-01,2016-03-01,1652.0887978142075,38.21,104.8815834357005,74.03226030867262,-2.4612571724125583,3,2016,32.18,1651.844489981785,30.7,1651.5833333333333,38.01,1647.9525114155251,47.62,1637.2942922374427,74.51026732884552,104.82722467454074,33.696666666666665,38.63333333333333,0.056243613821126706,104.62952249771247,1651.8388737097755,1648.1193226996365,74.26860822420254,0.1873834679925419,0.0052617732175743726,0.0005185557599995949,0.00014790001958675525,1,1,1.0,6.123233995736766e-17,1,0,0,0,0
2016-04-01,2016-04-01,1652.3499544626593,41.58,104.93969107694024,73.78529001491663,-2.454738553755921,4,2016,38.21,1652.0887978142075,32.18,1651.844489981785,30.7,1651.5833333333333,48.43,1640.8079908675795,74.26329703508952,104.8815834357005,37.32333333333333,37.49166666666667,0.05624361382122188,104.74196327641654,1652.0944140862173,1650.0429832988166,74.02694911955959,0.08819680711855526,0.3543973941368077,0.0005540309302762836,0.00015807664139932953,1,1,0.8660254037844387,-0.4999999999999998,2,0,0,0,0
2016-05-01,2016-05-01,1652.6026867030964,46.74,104.99592427814,73.54628650483018,-2.448430213120465,5,2016,41.58,1652.3499544626593,38.21,1652.0887978142075,32.18,1651.844489981785,44.27,1644.438812785388,74.03226030867262,104.93969107694024,42.17666666666667,37.903333333333336,0.05717298190220109,104.8354679410341,1652.3471463266544,1651.4036289517678,73.78794560947313,0.12409812409812426,0.45245494095711636,0.0005358620806166225,0.0001529532165716052,1,1,0.49999999999999994,-0.8660254037844387,2,0,0,0,0
2016-06-01,2016-06-01,1652.8638433515482,48.25,105.05403191937975,73.29931621107417,-2.441911594463828,6,2016,46.74,1652.6026867030964,41.58,1652.3499544626593,38.21,1652.0887978142075,38.01,1647.9525114155251,73.78529001491663,104.99592427814,45.52333333333333,39.61000000000001,0.05717298190232611,104.91126206966705,1652.6054948391013,1652.2221842744384,73.54363091027365,0.0323063756953359,0.2627584401989007,0.000553427589111255,0.00015802748631177366,1,1,1.2246467991473532e-16,-1.0,2,0,0,0,0
2016-07-01,2016-07-01,1653.116575591985,44.95,105.11026512057953,73.06031270098772,-2.435603253828372,7,2016,48.25,1652.8638433515482,46.74,1652.6026867030964,41.58,1652.3499544626593,30.7,1651.5833333333333,73.54628650483018,105.05403191937975,46.64666666666667,41.985,0.057172981902444464,104.96812008421345,1652.8610352155436,1652.4777246508802,73.30197180563069,-0.06839378238341964,0.08104858104858126,0.0005352788481542969,0.00015290566216541457,0,1,-0.4999999999999997,-0.8660254037844388,3,0,1,0,0
2016-08-01,2016-08-01,1653.3777322404371,45.84,105.16837276181926,72.81334240723173,-2.4290846351717343,8,2016,44.95,1653.116575591985,48.25,1652.8638433515482,46.74,1652.6026867030964,32.18,1651.844489981785,73.29931621107417,105.11026512057953,46.34666666666667,44.26166666666668,0.057172981902530194,105.02497809875986,1653.11938372799,1652.7332650273227,73.0576571064312,0.01979977753058959,-0.019255455712451797,0.0005528255605964372,0.00015797836178532698,1,1,-0.8660254037844385,-0.5000000000000004,3,0,0,0,0
2016-09-01,2016-09-01,1653.638888888889,46.57,105.226480403059,72.56637211347574,-2.4225660165150966,9,2016,45.84,1653.3777322404371,44.95,1653.116575591985,48.25,1652.8638433515482,38.21,1652.0887978142075,73.06031270098772,105.16837276181926,45.78666666666667,45.655,0.058107641269040985,105.08246092665297,1653.377732240437,1652.991613539769,72.81334240723173,0.015924956369982368,-0.03481865284974095,0.0005525201133551594,0.00015795340856428197,1,1,-1.0,-1.8369701987210297e-16,3,0,0,0,0
2016-10-01,2016-10-01,1653.891621129326,49.52,105.28271360425876,72.32736860338929,-2.416257675879641,10,2016,46.57,1653.638888888889,45.84,1653.3777322404371,44.95,1653.116575591985,41.58,1652.3499544626593,72.81334240723173,105.226480403059,47.31,46.97833333333333,0.057172981902717815,105.13963134787271,1653.6360807528843,1653.2485579842134,72.56902770803225,0.06334550139574846,0.10166852057842046,0.0005344016162507348,0.00015283399666965458,1,1,-0.8660254037844386,0.5000000000000001,4,1,0,0,0
2016-11-01,2016-11-01,1654.1527777777778,44.73,105.3408212454985,72.08039830963328,-2.4097390572230037,11,2016,49.52,1653.891621129326,46.57,1653.638888888889,45.84,1653.3777322404371,46.74,1652.6026867030964,72.56637211347574,105.28271360425876,46.94,46.64333333333334,0.05717298190279997,105.1971141757658,1653.8944292653312,1653.5069064966603,72.32471300883276,-0.0967285945072699,-0.024214659685864004,0.0005519200564887417,0.00015790433007545346,0,1,-0.5000000000000004,0.8660254037844384,4,1,0,0,0
2016-12-01,2016-12-01,1654.405510018215,53.31,105.39705444669826,71.84139479954683,-2.403430716587548,12,2016,44.73,1654.1527777777778,49.52,1653.891621129326,46.57,1653.638888888889,48.25,1652.8638433515482,72.32736860338929,105.3408212454985,49.18666666666667,47.48666666666667,0.05717298190288123,105.25428459698554,1654.149969641773,1653.7638509411051,72.0830539041898,0.1918175720992623,0.14472836590079452,0.0005338215568748694,0.00015278651635597384,1,1,-2.4492935982947064e-16,1.0,4,1,0,0,0
2017-01-01,2017-01-01,1654.6666666666667,54.58,105.455162087938,71.59442450579084,-2.39691209793091,1,2017,53.31,1654.405510018215,44.73,1654.1527777777778,49.52,1653.891621129326,44.95,1653.116575591985,72.08039830963328,105.39705444669826,50.873333333333335,49.09166666666667,0.05717298190296339,105.31176742487862,1654.4083181542198,1654.022199453552,71.83873920499032,0.023822922528606183,0.1021809369951534,0.0005513213015750917,0.0001578552820757917,1,1,0.49999999999999994,0.8660254037844387,1,0,0,0,0
2017-02-01,2017-02-01,1664.129452054795,54.87,106.84539800690337,71.39997498492532,-2.384775487690758,2,2017,54.58,1654.6666666666667,53.31,1654.405510018215,44.73,1654.1527777777778,45.84,1653.3777322404371,71.84139479954683,105.455162087938,54.25333333333333,50.596666666666664,0.8199422212124272,105.59127163239266,1657.7338762465588,1655.8141527559446,71.61193143008767,0.005313301575668783,0.2266934942991281,0.013183194558138878,0.0057188469307785095,1,1,0.8660254037844386,0.5000000000000001,1,0,0,0,0
2017-03-01,2017-03-01,1672.676484018265,51.59,108.10109496596884,71.22434315962744,-2.3738133881190078,3,2017,54.87,1664.129452054795,54.58,1654.6666666666667,53.31,1654.405510018215,46.57,1653.638888888889,71.59442450579084,106.84539800690337,53.68000000000001,51.43333333333334,1.32353639658141,106.07037405954429,1663.824200913242,1658.9870852775075,71.40624755011453,-0.05977765627847631,-0.03226411555055331,0.011752466484184376,0.005136037916351199,0,1,1.0,6.123233995736766e-17,1,0,0,0,0
2017-04-01,2017-04-01,1682.1392694063927,52.31,109.49133088493424,71.02989363876192,-2.3616767778788548,4,2017,51.59,1672.676484018265,54.87,1664.129452054795,54.58,1654.6666666666667,49.52,1653.891621129326,71.39997498492532,108.10109496596884,52.923333333333325,51.89833333333334,1.3235363965815092,106.77181027299021,1672.9817351598176,1663.6950266570186,71.21807059443823,0.01395619306067064,-0.04159032612678626,0.012860516532261501,0.0056572717309897325,1,1,0.8660254037844387,-0.4999999999999998,2,0,0,0,0
2017-05-01,2017-05-01,1691.296803652968,50.33,110.83672048393296,70.84171668308561,-2.349931671194837,5,2017,52.31,1682.1392694063927,51.59,1672.676484018265,54.87,1664.129452054795,44.73,1654.1527777777778,71.22434315962744,109.49133088493424,51.410000000000004,52.83166666666667,1.367874023075975,107.68779347939595,1682.0375190258753,1669.885697636217,71.03198449382498,-0.03785127126744414,-0.08274102423911056,0.012287635816689457,0.005443981014608301,0,1,0.49999999999999994,-0.8660254037844387,2,0,0,0,0
2017-06-01,2017-06-01,1700.759589041096,46.37,112.22695640289832,70.64726716222009,-2.3377950609546843,6,2017,50.33,1691.296803652968,52.31,1682.1392694063927,51.59,1672.676484018265,53.31,1654.405510018215,71.02989363876192,110.83672048393296,49.669999999999995,51.675000000000004,1.3678740230760178,108.82611047209598,1691.3985540334859,1677.611377473364,70.83962582802253,-0.07868070733161137,-0.10118239968986253,0.012543098649033801,0.005594988039763216,0,1,1.2246467991473532e-16,-1.0,2,0,1,0,0
2017-07-01,2017-07-01,1709.9171232876713,48.48,113.57234600189706,70.45909020654378,-2.326049954270666,7,2017,46.37,1700.759589041096,50.33,1691.296803652968,52.31,1682.1392694063927,54.58,1654.6666666666667,70.84171668308561,112.22695640289832,48.39333333333334,50.65833333333333,1.3678740230760849,110.17897445775581,1700.6578386605786,1686.819786910198,70.64935801728315,0.04550355833513042,-0.07321735805773288,0.011988114461277455,0.005384379018399832,1,1,-0.4999999999999997,-0.8660254037844388,3,0,0,0,0
2017-08-01,2017-08-01,1719.379908675799,51.7,114.96258192086243,70.26464068567826,-2.3139133440305137,8,2017,48.48,1709.9171232876713,46.37,1700.759589041096,50.33,1691.296803652968,54.87,1664.129452054795,70.64726716222009,113.57234600189706,48.85,50.129999999999995,1.367874023076149,111.53183844341565,1710.0188736681887,1696.0281963470322,70.4569993514807,0.06641914191419152,0.027220345718259598,0.01224097210197761,0.005534060837950827,1,1,-0.8660254037844385,-0.5000000000000004,3,0,0,0,0
2017-09-01,2017-09-01,1728.842694063927,56.15,116.3528178398278,70.07019116481274,-2.301776733790361,9,2017,51.7,1719.379908675799,48.48,1709.9171232876713,46.37,1700.759589041096,51.59,1672.676484018265,70.45909020654378,114.96258192086243,52.10999999999999,50.89000000000001,1.390235918967059,112.90712558905881,1719.379908675799,1705.3892313546423,70.26464068567826,0.08607350096711786,0.2109122277334483,0.012092942727420342,0.0055036035610163125,1,1,-1.0,-1.8369701987210297e-16,3,0,0,0,0
2017-10-01,2017-10-01,1738.0002283105025,57.51,117.69820743882651,69.88201420913644,-2.2900316271063432,10,2017,56.15,1728.842694063927,51.7,1719.379908675799,48.48,1709.9171232876713,52.31,1682.1392694063927,70.26464068567826,116.3528178398278,55.120000000000005,51.75666666666667,1.3678740230762438,114.27493834804085,1728.7409436834096,1714.699391171994,70.07228201987581,0.024220837043633203,0.18626237623762387,0.011563016899606149,0.005296915837408767,1,1,-0.8660254037844386,0.5000000000000001,4,1,0,0,0
2017-11-01,2017-11-01,1747.46301369863,62.71,119.0884433577919,69.68756468827092,-2.2778950168661907,11,2017,57.51,1738.0002283105025,56.15,1728.842694063927,51.7,1719.379908675799,50.33,1691.296803652968,70.07019116481274,117.69820743882651,58.79,53.82,1.3678740230763082,115.650225493684,1738.10197869102,1724.0604261796043,69.87992335407337,0.09041905755520774,0.21295938104448742,0.011811869944476028,0.0054446398993435174,1,1,-0.5000000000000004,0.8660254037844384,4,1,0,0,0
2017-12-01,2017-12-01,1756.620547945205,64.37,120.43383295679064,69.49938773259461,-2.2661499101821723,12,2017,62.71,1747.46301369863,57.51,1738.0002283105025,56.15,1728.842694063927,46.37,1700.759589041096,69.88201420913644,119.0884433577919,61.53,56.82,1.367874023076363,117.01803825266605,1747.3612633181126,1733.3705859969557,69.68965554333398,0.026471057247647867,0.14639358860195917,0.011297398480191845,0.0052404738611278034,1,1,-2.4492935982947064e-16,1.0,4,1,0,0,0
2018-01-01,2018-01-01,1766.0833333333333,69.08,121.824068875756,69.3049382117291,-2.25401329994202,1,2018,64.37,1756.620547945205,62.71,1747.46301369863,57.51,1738.0002283105025,48.48,1709.9171232876713,69.68756468827092,120.43383295679064,65.38666666666667,60.25333333333333,1.3678740230763933,118.39332539830922,1756.7222983257227,1742.7316210045663,69.49729687753154,0.07317073170731692,0.2011824030603373,0.011543566162709018,0.0053869262768200254,1,1,0.49999999999999994,0.8660254037844387,1,0,0,0,0
2018-02-01,2018-02-01,1773.5785388127854,65.32,124.22017225626928,69.49184708940982,-2.25382048659129,2,2018,69.08,1766.0833333333333,64.37,1756.620547945205,62.71,1747.46301369863,51.7,1719.379908675799,69.49938773259461,121.824068875756,66.25666666666666,62.52333333333333,1.9153081828301801,119.93625712087703,1765.4274733637747,1751.764726027397,69.43205767791117,-0.05442964678633477,0.04162015627491611,0.019668554848196518,0.00424397045031033,0,1,0.8660254037844386,0.5000000000000001,1,0,0,0,0
2018-03-01,2018-03-01,1780.348401826484,66.02,126.38439466447484,69.66066801118596,-2.253646332597082,3,2018,65.32,1773.5785388127854,69.08,1766.0833333333333,64.37,1756.620547945205,56.15,1728.842694063927,69.3049382117291,124.22017225626928,66.80666666666666,64.16833333333334,2.281145229249775,121.60818659165153,1773.3367579908675,1760.3490106544898,69.48581777077496,0.010716472749540795,0.025633058878359316,0.01742247147863174,0.003817064125184011,1,1,1.0,6.123233995736766e-17,1,0,0,0,0
2018-04-01,2018-04-01,1787.843607305936,72.11,128.78049804498812,69.84757688886668,-2.253453519246352,4,2018,66.02,1780.348401826484,65.32,1773.5785388127854,69.08,1766.0833333333333,57.51,1738.0002283105025,69.49184708940982,126.38439466447484,67.81666666666666,66.60166666666666,2.28114522924984,123.45523502601179,1780.5901826484017,1768.6562404870622,69.66669732982082,0.09224477431081501,0.04386218876664749,0.018958854745275033,0.004209965572897323,1,1,0.8660254037844387,-0.4999999999999998,2,0,0,0,0
2018-05-01,2018-05-01,1795.0970319634705,76.98,131.09930776806547,70.02845644791255,-2.253266925681129,5,2018,72.11,1787.843607305936,66.02,1780.348401826484,65.32,1773.5785388127854,62.71,1747.46301369863,69.66066801118596,128.78049804498812,71.70333333333333,68.98,2.3575621418601407,125.45704576105739,1787.7630136986302,1776.5952435312026,69.84556711598839,0.0675357093329636,0.1785058175137786,0.018005907402744326,0.00405708006443839,1,1,0.49999999999999994,-0.8660254037844387,2,0,0,0,0
2018-06-01,2018-06-01,1802.5922374429224,74.41,133.49541114857877,70.21536532559327,-2.253074112330399,6,2018,76.98,1795.0970319634705,72.11,1787.843607305936,66.02,1780.348401826484,64.37,1756.620547945205,69.84757688886668,131.09930776806547,74.5,70.65333333333332,2.3575621418601926,127.63397545968876,1795.1776255707762,1784.2571917808218,70.03046622079081,-0.03338529488178754,0.12708270221145113,0.0182770101635652,0.004175376230918015,0,1,1.2246467991473532e-16,-1.0,2,0,1,0,0
2018-07-01,2018-07-01,1809.8456621004568,74.25,135.81422087165612,70.39624488463913,-2.2528875187651765,7,2018,74.41,1802.5922374429224,76.98,1795.0970319634705,72.11,1787.843607305936,69.08,1766.0833333333333,70.02845644791255,133.49541114857877,75.21333333333332,71.515,2.3575621418602277,129.96566745900543,1802.5116438356165,1791.550913242009,70.21335555271497,-0.0021502486224969086,0.02967688254056311,0.017369958286405307,0.004023885439462305,0,1,-0.4999999999999997,-0.8660254037844388,3,0,0,0,0
2018-08-01,2018-08-01,1817.3408675799085,72.53,138.2103242521694,70.58315376231985,-2.252694705414446,8,2018,74.25,1809.8456621004568,74.41,1802.5922374429224,76.98,1795.0970319634705,65.32,1773.5785388127854,70.21536532559327,135.81422087165612,73.73,72.71666666666667,2.357562141860271,132.29735945832212,1809.9262557077625,1798.8446347031966,70.39825465751741,-0.023164983164983166,-0.05780722265523519,0.017642507280423825,0.004141350633596552,0,1,-0.8660254037844385,-0.5000000000000004,3,0,0,0,0
2018-09-01,2018-09-01,1824.8360730593608,78.89,140.6064276326827,70.77006264000057,-2.252501892063716,9,2018,72.53,1817.3408675799085,74.25,1809.8456621004568,74.41,1802.5922374429224,66.02,1780.348401826484,70.39624488463913,138.2103242521694,75.22333333333334,74.86166666666666,2.3961033805147585,134.66769828635677,1817.3408675799085,1806.2592465753426,70.58315376231985,0.08768785330208195,0.06020696142991544,0.01733664538794888,0.0041242705830049076,1,1,-1.0,-1.8369701987210297e-16,3,0,0,0,0
2018-10-01,2018-10-01,1832.0894977168948,81.03,142.92523735576006,70.95094219904644,-2.2523152984984933,10,2018,78.89,1824.8360730593608,72.53,1817.3408675799085,74.25,1809.8456621004568,72.11,1787.843607305936,70.58315376231985,140.6064276326827,77.48333333333333,76.34833333333334,2.3575621418603707,137.02515483815208,1824.7554794520547,1813.6335616438355,70.76805286712228,0.02712637850171129,0.09131313131313123,0.016491491620389986,0.00397483629604789,1,1,-0.8660254037844386,0.5000000000000001,4,1,0,0,0
2018-11-01,2018-11-01,1839.584703196347,64.75,145.32134073627336,71.13785107672716,-2.2521224851477637,11,2018,81.03,1832.0894977168948,78.89,1824.8360730593608,72.53,1817.3408675799085,76.98,1795.0970319634705,70.77006264000057,142.92523735576006,74.89,74.31,2.357562141860414,139.39549366618675,1832.170091324201,1821.0481735159817,70.95295197192472,-0.2009132420091324,-0.10726595891355306,0.016764732561185713,0.004091069507681011,0,1,-0.5000000000000004,0.8660254037844384,4,1,0,0,0
2018-12-01,2018-12-01,1846.838127853881,57.36,147.6401504593507,71.31873063577302,-2.2519358915825403,12,2018,64.75,1839.584703196347,81.03,1832.0894977168948,78.89,1824.8360730593608,74.41,1802.5922374429224,70.95094219904644,145.32134073627336,67.71333333333334,71.46833333333335,2.357562141860449,141.75295021798206,1839.504109589041,1828.4224885844749,71.13584130384886,-0.11413127413127411,-0.2729116491317024,0.015956429464035082,0.003942968565095573,0,1,-2.4492935982947064e-16,1.0,4,1,0,0,0
2019-01-01,2019-01-01,1854.3333333333333,59.41,150.036253839864,71.50563951345374,-2.25174307823181,1,2019,57.36,1846.838127853881,64.75,1839.584703196347,81.03,1832.0894977168948,74.25,1809.8456621004568,71.13785107672716,147.6401504593507,60.50666666666666,68.995,2.357562141860492,144.1232890460167,1846.9187214611873,1835.8371004566209,71.3207404086513,0.0357391910739191,-0.2668147599654449,0.016229347999567434,0.004058398712052824,1,1,0.49999999999999994,0.8660254037844387,1,0,0,0,0
2019-02-01,2019-02-01,1881.4901826484015,63.96,151.0386346650434,72.0889102245032,-2.2127554269686125,2,2019,59.41,1854.3333333333333,57.36,1846.838127853881,64.75,1839.584703196347,72.53,1817.3408675799085,71.31873063577302,150.036253839864,60.24333333333333,67.56666666666666,1.7462232400805848,146.2613407814957,1860.887214611872,1846.5286529680363,71.63776012457664,0.07658643326039405,-0.012200772200772203,0.006680924106844399,0.014645074230667854,1,1,0.8660254037844386,0.5000000000000001,1,0,0,0,0
2019-03-01,2019-03-01,1906.0189497716892,66.14,151.94401089423766,72.61573538287043,-2.1775407742147563,3,2019,63.96,1881.4901826484015,59.41,1854.3333333333333,57.36,1846.838127853881,78.89,1824.8360730593608,71.50563951345374,151.0386346650434,63.169999999999995,65.44166666666666,0.9542894750928909,148.15093799175486,1880.6141552511415,1860.0591324200911,72.07009504027579,0.03408380237648534,0.15306834030683403,0.005994335364604586,0.01303688286524074,1,1,1.0,6.123233995736766e-17,1,0,0,0,0
2019-04-01,2019-04-01,1933.175799086758,71.23,152.94639171941705,73.19900609391988,-2.138553122951558,4,2019,66.14,1906.0189497716892,63.96,1881.4901826484015,59.41,1854.3333333333333,81.03,1832.0894977168948,72.0889102245032,151.94401089423766,67.11,63.80833333333333,0.9542894750929088,149.8211303856977,1906.8949771689495,1876.9068493150683,72.63455056709783,0.07695796794677956,0.19895640464568265,0.006597040707824409,0.014247942979959127,1,1,0.8660254037844387,-0.4999999999999998,2,0,0,0,0
2019-05-01,2019-05-01,1959.4566210045664,71.32,153.91643767926806,73.76346162074192,-2.100823137858141,5,2019,71.23,1933.175799086758,66.14,1906.0189497716892,63.96,1881.4901826484015,64.75,1839.584703196347,72.61573538287043,152.94639171941705,69.56333333333333,64.90333333333332,0.986257564843404,151.2536465428635,1932.8837899543378,1896.8855022831049,73.19273436584406,0.0012635125649302914,0.11507191994996857,0.0063423919253393635,0.013594636313067676,1,1,0.49999999999999994,-0.8660254037844387,2,0,0,0,0
2019-06-01,2019-06-01,1986.6134703196344,64.22,154.91881850444744,74.34673233179136,-2.0618354865949438,6,2019,71.32,1959.4566210045664,71.23,1933.175799086758,66.14,1906.0189497716892,57.36,1846.838127853881,73.19900609391988,153.91643767926806,68.92333333333333,66.04666666666667,0.986257564843454,152.46675788371294,1959.7486301369863,1920.181392694064,73.76973334881772,-0.09955131800336503,-0.029029331720592744,0.006512500161081958,0.013859377658049565,0,1,1.2246467991473532e-16,-1.0,2,0,1,0,0
2019-07-01,2019-07-01,2012.8942922374429,63.92,155.88886446429845,74.9111878586134,-2.024105501501526,7,2019,64.22,1986.6134703196344,71.32,1959.4566210045664,71.23,1933.175799086758,59.41,1854.3333333333333,73.76346162074192,154.91881850444744,66.48666666666668,66.79833333333333,0.9862575648435035,153.44219298778535,1986.3214611872145,1946.6082191780822,74.34046060371556,-0.004671441918405406,-0.10262529832935563,0.006261640575468075,0.013228955864061476,0,1,-0.4999999999999997,-0.8660254037844388,3,0,0,0,0
2019-08-01,2019-08-01,2040.051141552512,59.04,156.89124528947784,75.49445856966285,-1.985117850238328,8,2019,63.92,2012.8942922374429,64.22,1986.6134703196344,71.32,1959.4566210045664,63.96,1881.4901826484015,74.34673233179136,155.88886446429845,62.393333333333345,65.97833333333334,0.9862575648435535,154.41762809185775,2013.186301369863,1973.0350456621006,74.91745958668919,-0.07634543178973718,-0.1721817162086371,0.006430098959435027,0.013491443350898802,0,1,-0.8660254037844385,-0.5000000000000004,3,0,0,0,0
2019-09-01,2019-09-01,2067.20799086758,62.83,157.89362611465722,76.07772928071229,-1.9461301989751305,9,2019,59.04,2040.051141552512,63.92,2012.8942922374429,64.22,1986.6134703196344,66.14,1906.0189497716892,74.9111878586134,156.89124528947784,61.93000000000001,65.42666666666666,1.0023808251836688,155.40923062859434,2040.0511415525118,1999.8998858447492,75.49445856966284,0.06419376693766932,-0.021644347555278776,0.0063890169482045955,0.01331184731692625,1,1,-1.0,-1.8369701987210297e-16,3,0,0,0,0
2019-10-01,2019-10-01,2093.4888127853883,59.71,158.86367207450823,76.64218480753433,-1.908400213881713,10,2019,62.83,2067.20799086758,59.04,2040.051141552512,63.92,2012.8942922374429,71.23,1933.175799086758,75.49445856966285,157.89362611465722,60.52666666666667,63.50666666666667,0.9862575648436535,156.39544402110954,2066.9159817351606,2026.6187214611873,76.07145755263649,-0.049657806780200486,-0.06586357947434296,0.006143667630678085,0.01271319675325877,0,1,-0.8660254037844386,0.5000000000000001,4,1,0,0,0
2019-11-01,2019-11-01,2120.645662100457,63.21,159.86605289968762,77.22545551858379,-1.8694125626185152,11,2019,59.71,2093.4888127853883,62.83,2067.20799086758,59.04,2040.051141552512,71.32,1959.4566210045664,76.07772928071229,158.86367207450823,61.91666666666668,62.155,0.9862575648437035,157.38704655784613,2093.780821917808,2053.483561643836,76.64845653561014,0.05861664712778425,0.07063008130081294,0.006309691901804193,0.012972053707292597,1,1,-0.5000000000000004,0.8660254037844384,4,1,0,0,0
2019-12-01,2019-12-01,2146.926484018265,67.31,160.83609885953862,77.78991104540583,-1.8316825775250976,12,2019,63.21,2120.645662100457,59.71,2093.4888127853883,62.83,2067.20799086758,64.22,1986.6134703196344,76.64218480753433,159.86605289968762,63.410000000000004,62.669999999999995,0.9862575648437529,158.37325995036133,2120.353652968037,2080.202397260274,77.21918379050798,0.06486315456415137,0.07130351742798036,0.006067867081572809,0.012392839778700981,1,1,-2.4492935982947064e-16,1.0,4,1,0,0,0
2020-01-01,2020-01-01,2174.083333333333,63.65,161.838479684718,78.37318175645527,-1.7926949262619,1,2020,67.31,2146.926484018265,63.21,2120.645662100457,59.71,2093.4888127853883,63.92,2012.8942922374429,77.22545551858379,160.83609885953862,64.72333333333334,62.625,0.986257564843803,159.36486248709792,2147.218493150685,2107.0672374429228,77.79618277348162,-0.05437527856187796,0.06598559705241991,0.006232312473922752,0.012649175235958765,0,1,0.49999999999999994,0.8660254037844387,1,0,0,0,0
2020-02-01,2020-02-01,2210.9487704918038,55.66,161.9289195643456,78.34444100884745,-1.7860071027213744,2,2020,63.65,2174.083333333333,67.31,2146.926484018265,63.21,2120.645662100457,59.04,2040.051141552512,77.78991104540583,161.838479684718,62.20666666666668,62.06166666666667,0.6065206486486997,160.20447486624255,2177.319529281134,2135.550175599471,78.16917793690284,-0.1255302435192459,-0.1194431260876444,0.0005588280352346597,0.016956772812359633,0,1,0.8660254037844386,0.5000000000000001,1,0,0,0,0
2020-03-01,2020-03-01,2245.435792349727,32.01,162.0135246130295,78.31755450302079,-1.7797507516673343,3,2020,55.66,2210.9487704918038,63.65,2174.083333333333,67.31,2146.926484018265,62.83,2067.20799086758,78.37318175645527,161.9289195643456,50.440000000000005,56.925000000000004,0.0875386705709229,160.89112461597128,2210.155965391621,2165.254809179829,78.34505908944116,-0.424901185770751,-0.5244391620858714,0.0005224826356620138,0.015598290796331682,0,1,1.0,6.123233995736766e-17,1,0,0,0,0
2020-04-01,2020-04-01,2282.3012295081967,18.38,162.10396449265707,78.28881375541299,-1.7730629281268089,4,2020,32.01,2245.435792349727,55.66,2210.9487704918038,63.65,2174.083333333333,59.71,2093.4888127853883,78.34444100884745,162.0135246130295,35.35,50.03666666666666,0.0875386705710091,161.4311733523294,2246.2285974499096,2196.7235453002972,78.31693642242708,-0.42580443611371444,-0.7112333071484682,0.0005582242583981323,0.016417943137840618,0,1,0.8660254037844387,-0.4999999999999998,2,0,0,0,0
2020-05-01,2020-05-01,2317.9774590163934,29.38,162.1914869568128,78.26100012869574,-1.766590840829526,5,2020,18.38,2282.3012295081967,32.01,2245.435792349727,55.66,2210.9487704918038,63.21,2120.645662100457,78.31755450302079,162.10396449265707,26.590000000000007,44.39833333333333,0.08898515739391594,161.8187456951836,2281.904826958106,2229.61217811962,78.28912279570983,0.5984766050054406,-0.4721523535752785,0.0005399156302541286,0.015631691841082818,1,1,0.49999999999999994,-0.8660254037844387,2,0,1,0,0
2020-06-01,2020-06-01,2354.842896174864,40.27,162.28192683644042,78.23225938108793,-1.759903017289001,6,2020,29.38,2317.9774590163934,18.38,2282.3012295081967,32.01,2245.435792349727,67.31,2146.926484018265,78.28881375541299,162.1914869568128,29.343333333333344,39.891666666666666,0.08898515739402667,162.05971702466724,2318.3738615664847,2264.264913479053,78.26069108839887,0.37066031313818937,0.2580443611371448,0.0005576117546273185,0.015904139626152336,1,1,1.2246467991473532e-16,-1.0,2,0,0,1,0
2020-07-01,2020-07-01,2390.5191256830603,43.24,162.36944930059613,78.2044457543707,-1.7534309299917177,7,2020,40.27,2354.842896174864,29.38,2317.9774590163934,18.38,2282.3012295081967,63.65,2174.083333333333,78.26100012869574,162.28192683644042,37.63000000000002,36.49,0.08898515739411146,162.14821196064693,2354.4464936247728,2300.3375455373407,78.23256842138478,0.07375217283337476,1.3525571273122963,0.0005393235455228851,0.015150152719804577,1,1,-0.4999999999999997,-0.8660254037844388,3,0,0,1,0
2020-08-01,2020-08-01,2427.38456284153,44.74,162.45988918022374,78.17570500676288,-1.7467431064511922,8,2020,43.24,2390.5191256830603,40.27,2354.842896174864,29.38,2317.9774590163934,55.66,2210.9487704918038,78.23225938108793,162.36944930059613,42.75000000000002,34.669999999999995,0.08898515739422219,162.2367068966266,2390.9155282331517,2336.4101775956287,78.20413671407384,0.034690101757631764,0.5228046289993193,0.0005570005935056077,0.01542151943584047,1,1,-0.8660254037844385,-0.5000000000000004,3,0,0,1,0
2020-09-01,2020-09-01,2464.25,40.91,162.55032905985132,78.14696425915507,-1.7400552829106666,9,2020,44.74,2427.38456284153,43.24,2390.5191256830603,40.27,2354.842896174864,32.01,2245.435792349727,78.2044457543707,162.45988918022374,42.963333333333345,36.153333333333336,0.09043987967842168,162.32617430443022,2427.3845628415306,2372.879212204007,78.17570500676288,-0.08560572194903904,0.015892724112242185,0.0005566905165572678,0.015187308069272154,0,1,-1.0,-1.8369701987210297e-16,3,0,0,1,0
2020-10-01,2020-10-01,2499.9262295081967,40.19,162.63785152400706,78.11915063243784,-1.7335831956133838,10,2020,40.91,2464.25,44.74,2427.38456284153,43.24,2390.5191256830603,18.38,2282.3012295081967,78.17570500676288,162.55032905985132,41.94666666666667,39.788333333333334,0.08898515739443644,162.41515547632193,2463.8535974499096,2409.1500455373407,78.14727329945192,-0.017599608897580055,-0.07053654024051814,0.000538433017404083,0.01447752034420069,0,1,-0.8660254037844386,0.5000000000000001,4,1,0,1,0
2020-11-01,2020-11-01,2536.791666666667,42.69,162.72829140363467,78.09040988483002,-1.7268953720728584,11,2020,40.19,2499.9262295081967,40.91,2464.25,44.74,2427.38456284153,29.38,2317.9774590163934,78.14696425915507,162.63785152400706,41.26333333333334,42.00666666666667,0.08898515739454717,162.50462288412555,2500.3226320582876,2445.6190801457196,78.11884159214098,0.06220452848967395,-0.04582029503799745,0.000556081372079964,0.014746610009257255,1,1,-0.5000000000000004,0.8660254037844384,4,1,0,1,0
2020-12-01,2020-12-01,2572.467896174864,49.99,162.8158138677904,78.06259625811279,-1.7204232847755756,12,2020,42.69,2536.791666666667,40.19,2499.9262295081967,40.91,2464.25,40.27,2354.842896174864,78.11915063243784,162.72829140363467,44.29000000000001,43.626666666666665,0.0889851573946249,162.5936040560172,2536.395264116576,2481.889913479053,78.09071892512688,0.17100023424689637,0.2219506233194819,0.0005378441781744847,0.014063523614091578,1,1,-2.4492935982947064e-16,1.0,4,1,0,1,0
2021-01-01,2021-01-01,2609.333333333333,54.77,162.906253747418,78.03385551050498,-1.71373546123505,1,2021,49.99,2572.467896174864,42.69,2536.791666666667,40.19,2499.9262295081967,43.24,2390.5191256830603,78.09040988483002,162.8158138677904,49.15000000000001,45.548333333333325,0.08898515739471062,162.68307146382088,2572.864298724955,2518.358948087432,78.06228721781592,0.095619123824765,0.3627768101517792,0.0005554735592270266,0.014330766659240268,1,1,0.49999999999999994,0.8660254037844387,1,0,0,1,0
2021-02-01,2021-02-01,2601.293150684932,62.28,166.4700590772796,78.52162601705957,-1.7244445500308556,2,2021,54.77,2609.333333333333,49.99,2572.467896174864,42.69,2536.791666666667,44.74,2427.38456284153,78.06259625811279,162.906253747418,55.68000000000001,48.471666666666664,2.0841623358121972,163.35143311333016,2594.36479339771,2547.343712727999,78.2060259285591,0.13711886069015877,0.4588896697118765,0.02187641817230168,-0.0030813168044460104,1,1,0.8660254037844386,0.5000000000000001,1,0,0,1,0
2021-03-01,2021-03-01,2594.0310502283105,65.41,169.6889800203804,78.96219292620566,-1.734117275394809,3,2021,62.28,2601.293150684932,54.77,2609.333333333333,49.99,2572.467896174864,40.91,2464.25,78.03385551050498,166.4700590772796,60.820000000000014,52.55500000000001,3.392824196277551,164.54120827341836,2601.5525114155253,2568.9738877660507,78.50589148459007,0.05025690430314711,0.30846169233846754,0.019336335680679495,-0.002791727051104975,1,1,1.0,6.123233995736766e-17,1,0,0,1,0
2021-04-01,2021-04-01,2585.990867579909,64.81,173.252785350242,79.44996343276026,-1.744826364190615,4,2021,65.41,2594.0310502283105,62.28,2601.293150684932,54.77,2609.333333333333,40.19,2499.9262295081967,78.52162601705957,169.6889800203804,64.16666666666667,56.65833333333334,3.3928241962776813,166.31036391112417,2593.771689497717,2583.317994111336,78.97792745867515,-0.009172909341079283,0.1833120321343802,0.02100198450974,-0.003099493603861858,0,1,0.8660254037844387,-0.4999999999999998,2,0,0,1,0
2021-05-01,2021-05-01,2578.2100456621006,68.53,176.70162921785,79.92199940684536,-1.7551899985091366,5,2021,64.81,2585.990867579909,65.41,2594.0310502283105,62.28,2601.293150684932,42.69,2536.791666666667,78.96219292620566,173.252785350242,66.25000000000001,60.965,3.5064816463973605,168.63925354682672,2586.0773211567735,2590.2210572772415,79.44471858860375,0.057398549606542115,0.10035324341682728,0.019906426673810484,-0.0030088358065587517,1,1,0.49999999999999994,-0.8660254037844387,2,0,1,1,0
2021-06-01,2021-06-01,2570.1698630136984,73.16,180.2654345477116,80.40976991339996,-1.7658990873049425,6,2021,68.53,2578.2100456621006,64.81,2585.990867579909,65.41,2594.0310502283105,49.99,2572.467896174864,79.44996343276026,176.70162921785,68.83333333333334,64.82666666666667,3.506481646397464,171.5475236601469,2578.1235920852364,2589.8380517503806,79.92724425100185,0.06756165183131468,0.11848341232227488,0.020168491629853014,-0.0031185134283104876,1,1,1.2246467991473532e-16,-1.0,2,0,0,1,0
2021-07-01,2021-07-01,2562.38904109589,75.17,183.7142784153196,80.88180588748504,-1.776262721623464,7,2021,73.16,2570.1698630136984,68.53,2578.2100456621006,64.81,2585.990867579909,54.77,2609.333333333333,79.92199940684536,180.2654345477116,72.28666666666668,68.22666666666667,3.506481646397549,175.01552777146387,2570.256316590563,2582.0140030441403,80.40452506924345,0.027474029524330312,0.15985187471069273,0.019132030920188337,-0.003027357074634973,1,1,-0.4999999999999997,-0.8660254037844388,3,0,0,1,0
2021-08-01,2021-08-01,2554.3488584474885,70.61,187.2780837451812,81.36957639403964,-1.7869718104192696,8,2021,75.17,2562.38904109589,73.16,2570.1698630136984,68.53,2578.2100456621006,62.28,2601.293150684932,80.40976991339996,183.7142784153196,72.98,69.615,3.5064816463976345,178.4835318827808,2562.3025875190256,2574.189954337899,80.88705073164154,-0.06066249833710258,0.0303516708011089,0.019398630093437674,-0.0031377681216444575,0,1,-0.8660254037844385,-0.5000000000000004,3,0,0,1,0
2021-09-01,2021-09-01,2546.308675799087,74.49,190.8418890750428,81.85734690059424,-1.7976808992150752,9,2021,70.61,2554.3488584474885,75.17,2562.38904109589,73.16,2570.1698630136984,65.41,2594.0310502283105,80.88180588748504,187.2780837451812,73.42333333333335,71.12833333333333,3.563805329863605,182.00901672522454,2554.348858447489,2566.236225266362,81.36957639403964,0.05494972383515084,0.018179332968835338,0.01902948416917094,-0.0031476447008449426,1,1,-1.0,-1.8369701987210297e-16,3,0,0,1,0
2021-10-01,2021-10-01,2538.5278538812786,83.54,194.2907329426508,82.32938287467934,-1.808044533533597,10,2021,74.49,2546.308675799087,70.61,2554.3488584474885,75.17,2562.38904109589,64.81,2585.990867579909,81.36957639403964,190.8418890750428,76.21333333333334,74.25,3.5064816463978237,185.51534132395932,2546.3951293759515,2558.325722983257,81.85210205643773,0.12149281782789645,0.11134761207928712,0.01807173406385565,-0.003055726115124835,1,1,-0.8660254037844386,0.5000000000000001,4,1,0,1,0
2021-11-01,2021-11-01,2530.4876712328764,81.05,197.8545382725124,82.81715338123394,-1.8187536223294027,11,2021,83.54,2538.5278538812786,74.49,2546.308675799087,70.61,2554.3488584474885,68.53,2578.2100456621006,81.85734690059424,194.2907329426508,79.69333333333334,76.33666666666666,3.506481646397927,189.04082616640304,2538.4414003044144,2550.37199391172,82.33462771883582,-0.029806080919320244,0.14785441155643664,0.018342641853708708,-0.0031672619373110944,0,1,-0.5000000000000004,0.8660254037844384,4,1,0,1,0
2021-12-01,2021-12-01,2522.706849315068,74.17,201.3033821401204,83.28918935531902,-1.8291172566479243,12,2021,81.05,2530.4876712328764,83.54,2538.5278538812786,74.49,2546.308675799087,73.16,2570.1698630136984,82.32938287467934,197.8545382725124,79.58666666666667,76.50500000000001,3.506481646398012,192.54715076513787,2530.5741248097415,2542.461491628615,82.81190853707743,-0.0848858729179518,-0.00429587864142833,0.017431209300126094,-0.003074830992564115,0,1,-2.4492935982947064e-16,1.0,4,1,0,1,0
2022-01-01,2022-01-01,2514.6666666666665,86.51,204.867187469982,83.77695986187362,-1.83982634544373,1,2022,74.17,2522.706849315068,81.05,2530.4876712328764,83.54,2538.5278538812786,75.17,2562.38904109589,82.81715338123394,201.3033821401204,80.57666666666667,78.395,3.506481646398116,196.0726356075816,2522.620395738204,2534.5077625570775,83.29443419947552,0.1663745449642713,0.03555183145798413,0.01770365352024239,-0.0031871252304185305,1,1,0.49999999999999994,0.8660254037844387,1,0,0,1,0
2022-02-01,2022-02-01,2489.059817351598,97.13,211.278575551462,84.4947493961489,-1.8477168602486216,2,2022,86.51,2514.6666666666665,74.17,2522.706849315068,81.05,2530.4876712328764,70.61,2554.3488584474885,83.28918935531902,204.867187469982,85.93666666666667,82.815,5.054883598301654,200.07271757529506,2508.811111111111,2523.6262557077625,83.85363287111385,0.12276037452317645,0.1983960518198642,0.03129533899819581,-0.010182999462513886,1,1,0.8660254037844386,0.5000000000000001,1,0,0,1,0
2022-03-01,2022-03-01,2465.93105022831,117.25,217.0695067218309,85.1430754271072,-1.8548437768465889,3,2022,97.13,2489.059817351598,86.51,2514.6666666666665,74.17,2522.706849315068,74.49,2546.308675799087,83.77695986187362,211.278575551462,100.29666666666668,89.94166666666666,6.103788114434199,204.4439871830931,2489.8858447488583,2510.2299847792997,84.47159489504324,0.20714506331720384,0.5808278279627881,0.027408984348052723,-0.009292170064397087,1,1,1.0,6.123233995736766e-17,1,0,0,1,0
2022-04-01,2022-04-01,2440.324200913242,104.58,223.4808948033109,85.86086496138249,-1.8627342916514804,4,2022,117.25,2465.93105022831,97.13,2489.059817351598,86.51,2514.6666666666665,83.54,2538.5278538812786,84.4947493961489,217.0695067218309,106.32000000000001,93.44833333333334,6.103788114434311,209.30901415986978,2465.1050228310505,2493.862709284627,85.16622992821287,-0.1080597014925373,0.2088775864061958,0.0295361065600801,-0.010384251949257628,0,1,0.8660254037844387,-0.4999999999999998,2,0,0,1,1
2022-05-01,2022-05-01,2415.5433789954336,113.34,229.68546391442047,86.55549999455211,-1.8703702737207304,5,2022,104.58,2440.324200913242,117.25,2465.93105022831,97.13,2489.059817351598,81.05,2530.4876712328764,85.1430754271072,223.4808948033109,111.72333333333336,98.83,6.308261129546198,214.61416843352114,2440.5995433789953,2474.705327245053,85.85314679434725,0.08376362593230069,0.1668897354061567,0.02776330887958145,-0.010154725305979606,1,1,0.49999999999999994,-0.8660254037844387,2,0,1,1,1
2022-06-01,2022-06-01,2389.9365296803653,122.71,236.0968519959004,87.27328952882739,-1.8782607885256224,6,2022,113.34,2415.5433789954336,104.58,2440.324200913242,117.25,2465.93105022831,74.17,2522.706849315068,85.86086496138249,229.68546391442047,113.54333333333335,106.92,6.308261129546266,220.41308007615112,2415.2680365296806,2452.5769406392697,86.56321816158733,0.08267160755249692,0.04656716417910434,0.027913773785304796,-0.010600865021814454,1,1,1.2246467991473532e-16,-1.0,2,0,0,1,1
2022-07-01,2022-07-01,2365.155707762557,111.93,242.30142110701,87.96792456199701,-1.8858967705948724,7,2022,122.71,2389.9365296803653,113.34,2415.5433789954336,104.58,2440.324200913242,86.51,2514.6666666666665,86.55549999455211,236.0968519959004,115.99333333333334,111.15666666666665,6.3082611295463575,226.65211901565576,2390.211872146119,2427.6584474885844,87.26557136179217,-0.08784940102681105,0.07028112449799195,0.026279762134301166,-0.010368820096290365,0,1,-0.4999999999999997,-0.8660254037844388,3,0,0,1,1
2022-08-01,2022-08-01,2339.5488584474883,100.45,248.71280918849,88.68571409627229,-1.893787285399764,8,2022,111.93,2365.155707762557,122.71,2389.9365296803653,113.34,2415.5433789954336,97.13,2489.059817351598,87.27328952882739,242.30142110701,111.69666666666667,111.71,6.308261129546479,232.89115795516045,2364.880365296804,2402.7399543378992,87.97564272903223,-0.10256410256410264,-0.11372860419975295,0.02646038166919573,-0.010826707616342524,0,1,-0.8660254037844385,-0.5000000000000004,3,0,0,1,1
2022-09-01,2022-09-01,2313.94200913242,89.76,255.1241972699699,89.40350363054756,-1.901677800204656,9,2022,100.45,2339.5488584474883,111.93,2365.155707762557,122.71,2389.9365296803653,117.25,2465.93105022831,87.96792456199701,248.71280918849,100.71333333333335,107.12833333333333,6.411388081481987,239.23360637985024,2339.548858447489,2377.4084474885844,88.68571409627229,-0.10642110502737678,-0.26851927308287826,0.025778278579214442,-0.010945208185163091,0,1,-1.0,-1.8369701987210297e-16,3,0,0,1,1
2022-10-01,2022-10-01,2289.161187214612,93.33,261.3287663810795,90.0981386637172,-1.909313782273906,10,2022,89.76,2313.94200913242,100.45,2339.5488584474883,111.93,2365.155707762557,104.58,2440.324200913242,88.68571409627229,255.1241972699699,94.51333333333336,105.25333333333333,6.308261129546607,245.54158497614503,2314.2173515981735,2352.214611872146,89.39578546351235,0.03977272727272729,-0.16617528812650773,0.024319798660822345,-0.010709353052066994,1,1,-0.8660254037844386,0.5000000000000001,4,1,0,1,1
2022-11-01,2022-11-01,2263.554337899543,91.42,267.7401544625594,90.81592819799246,-1.917204297078798,11,2022,93.33,2289.161187214612,89.76,2313.94200913242,100.45,2339.5488584474883,113.34,2415.5433789954336,89.40350363054756,261.3287663810795,91.50333333333334,101.60000000000001,6.3082611295467,251.88403340083485,2288.8858447488587,2326.883105022831,90.10585683075242,-0.02046501660773592,-0.08989547038327528,0.024533801503239694,-0.011186127677722202,0,1,-0.5000000000000004,0.8660254037844384,4,1,0,1,0
2022-12-01,2022-12-01,2238.773515981735,80.92,273.9447235736691,91.51056323116208,-1.924840279148048,12,2022,91.42,2263.554337899543,93.33,2289.161187214612,89.76,2313.94200913242,122.71,2389.9365296803653,90.0981386637172,267.7401544625594,88.55666666666669,94.635,6.308261129546786,258.19201199712967,2263.829680365297,2301.689269406392,90.80821003095724,-0.11485451761102605,-0.09848484848484851,0.02317384601336414,-0.01094774775356333,0,1,-2.4492935982947064e-16,1.0,4,1,0,1,0
2023-01-01,2023-01-01,2213.1666666666665,82.5,280.356111655149,92.22835276543736,-1.93273079395294,1,2023,80.92,2238.773515981735,91.42,2263.554337899543,93.33,2289.161187214612,111.93,2365.155707762557,90.81592819799246,273.9447235736691,84.94666666666667,89.73,6.308261129546835,264.53446042181946,2238.4981735159818,2276.3577625570774,91.5182813981973,0.01952545724172028,-0.11603985856637733,0.02340394805872492,-0.011437891833305569,1,1,0.49999999999999994,0.8660254037844387,1,0,0,1,0
2023-02-01,2023-02-01,2272.307305936073,82.59,280.20532464113484,92.70138049568276,-1.93273079395294,2,2023,82.5,2213.1666666666665,80.92,2238.773515981735,91.42,2263.554337899543,100.45,2339.5488584474883,91.51056323116208,280.356111655149,82.00333333333334,86.75333333333333,3.658865023953723,269.78321299726025,2241.415829528158,2265.1508371385085,92.1467654974274,0.0010909090909090313,-0.0965871800481295,-0.0005378410091506636,0.026722180557002817,1,0,0.8660254037844386,0.5000000000000001,1,0,0,1,0
2023-03-01,2023-03-01,2325.7246575342465,78.43,280.0691299187995,93.12863134880762,-1.93273079395294,3,2023,82.59,2272.307305936073,82.5,2213.1666666666665,80.92,2238.773515981735,89.76,2313.94200913242,92.22835276543736,280.20532464113484,81.17333333333335,84.865,0.14355268670795712,273.9407017720652,2270.3995433789955,2267.114611872146,92.68612153664257,-0.050369294103402296,-0.030771131982204603,-0.0004860532986293853,0.023507978634152327,0,0,1.0,6.123233995736766e-17,1,0,0,1,0
2023-04-01,2023-04-01,2384.8652968036527,84.64,279.91834290478533,93.601659079053,-1.93273079395294,4,2023,78.43,2325.7246575342465,82.59,2272.307305936073,82.5,2213.1666666666665,93.33,2289.161187214612,92.70138049568276,280.0691299187995,81.88666666666667,83.41666666666667,0.14355268670787047,277.0389645260162,2327.632420091324,2283.0652968036525,93.1438903078478,0.07917888563049846,0.02593939393939393,-0.0005383921250367019,0.025428908395419336,1,0,0.8660254037844387,-0.4999999999999998,2,0,1,1,0
2023-05-01,2023-05-01,2442.0981735159817,75.47,279.77241998799747,94.05942785025822,-1.93273079395294,5,2023,84.64,2384.8652968036527,78.43,2325.7246575342465,82.59,2272.307305936073,91.42,2263.554337899543,93.12863134880762,279.91834290478533,79.51333333333334,80.75833333333334,0.14836161029518619,279.0443421135892,2384.2293759512936,2312.822602739726,93.59657275937293,-0.10834120982986772,-0.08620898413851563,-0.0005213053038024551,0.023998368708302298,0,0,0.49999999999999994,-0.8660254037844387,2,0,0,1,0
2023-06-01,2023-06-01,2501.2388127853883,74.84,279.6216329739833,94.5324555805036,-1.93273079395294,6,2023,75.47,2442.0981735159817,84.64,2384.8652968036527,78.43,2325.7246575342465,80.92,2238.773515981735,93.601659079053,279.77241998799747,78.31666666666668,79.74499999999999,0.1483616102950147,279.99049368030825,2442.734094368341,2356.566818873668,94.06451416993826,-0.008347687822975902,-0.04577330103276811,-0.0005389631115912952,0.02421714241907802,0,0,1.2246467991473532e-16,-1.0,2,0,0,1,0
2023-07-01,2023-07-01,2558.471689497717,80.11,279.4757100571954,94.9902243517088,-1.93273079395294,7,2023,74.84,2501.2388127853883,75.47,2442.0981735159817,84.64,2384.8652968036527,82.5,2213.1666666666665,94.05942785025822,279.6216329739833,76.80666666666669,79.34666666666668,0.14836161029484513,279.84376008064936,2500.6028919330292,2414.1176560121767,94.52736926082353,0.0704168893639765,-0.05352079395085063,-0.0005218584672291859,0.02288181217234264,1,0,-0.4999999999999997,-0.8660254037844388,3,0,0,1,0
2023-08-01,2023-08-01,2617.6123287671235,86.15,279.32492304318123,95.4632520819542,-1.93273079395294,8,2023,80.11,2558.471689497717,74.84,2501.2388127853883,75.47,2442.0981735159817,82.59,2272.307305936073,94.5324555805036,279.4757100571954,80.36666666666669,79.94,0.14836161029463796,279.69702648099036,2559.1076103500764,2471.6684931506848,94.99531067138885,0.07539633004618662,0.14151318404664104,-0.0005395353105401846,0.02311561214930502,1,0,-0.8660254037844385,-0.5000000000000004,3,0,0,1,0
2023-09-01,2023-09-01,2676.7529680365296,93.72,279.1741360291672,95.9362798121996,-1.93273079395294,9,2023,86.15,2617.6123287671235,80.11,2558.471689497717,74.84,2501.2388127853883,78.43,2325.7246575342465,94.9902243517088,279.32492304318123,86.66000000000001,82.48833333333333,0.15078701411311482,279.5478608327183,2617.6123287671235,2530.173211567732,95.4632520819542,0.08786999419616937,0.25227151256012825,-0.0005398265660337964,0.022593352965013302,1,0,-1.0,-1.8369701987210297e-16,3,0,0,1,0
2023-10-01,2023-10-01,2733.9858447488587,90.6,279.0282131123792,96.3940485834048,-1.93273079395294,10,2023,93.72,2676.7529680365296,86.15,2617.6123287671235,80.11,2558.471689497717,84.64,2384.8652968036527,95.4632520819542,279.1741360291672,90.15666666666668,83.48166666666667,0.14836161029418748,279.3995058673173,2676.1170471841706,2588.3599695586,95.93119349251953,-0.033290653008962945,0.13094495069279732,-0.0005226949704708606,0.021381456337493443,0,0,-0.8660254037844386,0.5000000000000001,4,1,0,1,0
2023-11-01,2023-11-01,2793.126484018265,82.94,278.87742609836505,96.86707631365016,-1.93273079395294,11,2023,90.6,2733.9858447488587,93.72,2676.7529680365296,86.15,2617.6123287671235,75.47,2442.0981735159817,95.9362798121996,279.0282131123792,89.08666666666666,84.72666666666667,0.14836161029401604,279.2503402190452,2734.6217656012177,2646.864687975647,96.39913490308486,-0.08454746136865343,-0.037260591990713965,-0.0005404006008289386,0.02163165525637112,0,0,-0.5000000000000004,0.8660254037844384,4,1,0,1,0
2023-12-01,2023-12-01,2850.359360730594,77.63,278.7315031815772,97.32484508485538,-1.93273079395294,12,2023,82.94,2793.126484018265,90.6,2733.9858447488587,93.72,2676.7529680365296,74.84,2501.2388127853883,96.3940485834048,278.87742609836505,83.72333333333334,85.19166666666666,0.14836161029376163,279.1019852536442,2792.4905631659058,2705.0514459665146,96.86198999397011,-0.06402218471183996,-0.17168160478019634,-0.0005232510885854191,0.020490614026899445,0,0,-2.4492935982947064e-16,1.0,4,1,0,1,0
2024-01-01,2024-01-01,2909.5,80.12,278.580716167563,97.79787281510076,-1.93273079395294,1,2024,77.63,2850.359360730594,82.94,2793.126484018265,90.6,2733.9858447488587,80.11,2558.471689497717,96.86707631365016,278.7315031815772,80.23,85.19333333333333,0.14836161029359018,278.9528196053721,2850.995281582953,2763.556164383562,97.32993140453543,0.03207522864871848,-0.11567328918322284,-0.0005409758577448187,0.020748485290727592,1,0,0.49999999999999994,0.8660254037844387,1,0,0,1,0
2024-02-01,2024-02-01,2909.5,83.48,278.580716167563,97.98439178431354,-1.93273079395294,2,2024,80.12,2909.5,77.63,2850.359360730594,82.94,2793.126484018265,86.15,2617.6123287671235,97.32484508485538,278.580716167563,80.41000000000001,84.74833333333333,0.08705692330131906,278.82878512610245,2889.7864535768645,2812.2041095890413,97.70236989475654,0.04193709435846227,0.006510730648661811,0.0,0.0,1,0,0.8660254037844386,0.5000000000000001,1,0,0,1,0
2024-03-01,2024-03-01,2909.5,85.41,278.580716167563,98.15887727164164,-1.93273079395294,3,2024,83.48,2909.5,80.12,2909.5,77.63,2850.359360730594,93.72,2676.7529680365296,97.79787281510076,278.580716167563,83.00333333333334,83.36333333333333,0.0,278.7298818158351,2909.5,2850.995281582953,97.98038062368532,0.023119310014374506,0.10021898750483071,0.0,0.0,1,0,1.0,6.123233995736766e-17,1,0,0,1,0
2024-04-01,2024-04-01,2909.5,89.94,278.580716167563,98.3453962408544,-1.93273079395294,4,2024,85.41,2909.5,83.48,2909.5,80.12,2909.5,90.6,2733.9858447488587,97.98439178431354,278.580716167563,86.27666666666669,83.25333333333334,0.0,278.65529899169906,2909.5,2880.2476407914764,98.16288843226987,0.05303828591499826,0.12256615077383914,0.0,0.0,1,0,0.8660254037844387,-0.4999999999999998,2,0,1,1,0
2024-05-01,2024-05-01,2909.5,81.75,278.580716167563,98.52589846912484,-1.93273079395294,5,2024,89.94,2909.5,85.41,2909.5,83.48,2909.5,82.94,2793.126484018265,98.15887727164164,278.580716167563,85.7,83.055,0.0,278.6058473365654,2909.5,2899.6432267884325,98.3433906605403,-0.091060707138092,-0.020723526593195984,0.0,0.0,0,0,0.49999999999999994,-0.8660254037844387,2,0,0,1,0
2024-06-01,2024-06-01,2909.5,82.25,278.580716167563,98.7124174383376,-1.93273079395294,6,2024,81.75,2909.5,89.94,2909.5,85.41,2909.5,77.63,2850.359360730594,98.3453962408544,278.580716167563,84.64666666666669,83.825,0.0,278.580716167563,2909.5,2909.5,98.52790404943893,0.006116207951070374,-0.03699800960074928,0.0,0.0,1,0,1.2246467991473532e-16,-1.0,2,0,0,1,0
2024-07-01,2024-07-01,2909.5,85.15,278.580716167563,98.89291966660804,-1.93273079395294,7,2024,82.25,2909.5,81.75,2909.5,89.94,2909.5,80.12,2909.5,98.52589846912484,278.580716167563,83.05000000000001,84.66333333333334,0.0,278.580716167563,2909.5,2909.5,98.7104118580235,0.035258358662614064,-0.05325772737380463,0.0,0.0,1,0,-0.4999999999999997,-0.8660254037844388,3,0,0,1,0
2024-08-01,2024-08-01,2909.5,80.36,278.580716167563,99.07943863582082,-1.93273079395294,8,2024,85.15,2909.5,82.25,2909.5,81.75,2909.5,83.48,2909.5,98.7124174383376,278.580716167563,82.58666666666669,84.14333333333333,0.0,278.580716167563,2909.5,2909.5,98.89492524692214,-0.056253669994128064,-0.01700305810397551,0.0,0.0,0,0,-0.8660254037844385,-0.5000000000000004,3,0,0,1,0
2024-09-01,2024-09-01,2909.5,74.02,278.580716167563,99.2659576050336,-1.93273079395294,9,2024,80.36,2909.5,85.15,2909.5,82.25,2909.5,85.41,2909.5,98.89291966660804,278.580716167563,79.84333333333335,82.24499999999999,0.0,278.580716167563,2909.5,2909.5,99.07943863582084,-0.07889497262319567,-0.1000607902735563,0.0,0.0,0,0,-1.0,-1.8369701987210297e-16,3,0,0,1,0
2024-10-01,2024-10-01,2909.5,75.63,278.580716167563,99.44645983330402,-1.93273079395294,10,2024,74.02,2909.5,80.36,2909.5,85.15,2909.5,89.94,2909.5,99.07943863582082,278.580716167563,76.67,79.86,0.0,278.580716167563,2909.5,2909.5,99.26395202471947,0.02175087814104293,-0.11180270111567836,0.0,0.0,1,0,-0.8660254037844386,0.5000000000000001,4,1,0,1,0
2024-11-01,2024-11-01,2909.5,74.35,278.580716167563,99.6329788025168,-1.93273079395294,11,2024,75.63,2909.5,74.02,2909.5,80.36,2909.5,81.75,2909.5,99.2659576050336,278.580716167563,74.66666666666667,78.62666666666667,0.0,278.580716167563,2909.5,2909.5,99.44846541361814,-0.0169245008594473,-0.07478845196615236,0.0,0.0,0,0,-0.5000000000000004,0.8660254037844384,4,1,0,1,0
2024-12-01,2024-12-01,2909.5,73.86,278.580716167563,99.81348103078724,-1.93273079395294,12,2024,74.35,2909.5,75.63,2909.5,74.02,2909.5,82.25,2909.5,99.44645983330402,278.580716167563,74.61333333333334,77.22833333333334,0.0,278.580716167563,2909.5,2909.5,99.63097322220267,-0.006590450571620665,-0.0021615779519048584,0.0,0.0,0,0,-2.4492935982947064e-16,1.0,4,1,0,1,0
2025-01-01,2025-01-01,2909.5,79.27,278.580716167563,100.0,-1.93273079395294,1,2025,73.86,2909.5,74.35,2909.5,75.63,2909.5,85.15,2909.5,99.6329788025168,278.580716167563,75.82666666666667,76.24833333333333,0.0,278.580716167563,2909.5,2909.5,99.81548661110135,0.07324668291362024,0.048129049319053374,0.0,0.0,1,0,0.49999999999999994,0.8660254037844387,1,0,0,1,0
2025-02-01,2025-02-01,2909.5,75.44,278.580716167563,100.0,-1.93273079395294,2,2025,79.27,2909.5,73.86,2909.5,74.35,2909.5,80.36,2909.5,99.81348103078724,278.580716167563,76.19,75.42833333333333,0.0,278.580716167563,2909.5,2909.5,99.93782701026241,-0.04831588242714768,0.014660390047074756,0.0,0.0,0,0,0.8660254037844386,0.5000000000000001,1,0,0,1,0
2025-03-01,2025-03-01,2909.5,72.73,278.580716167563,100.0,-1.93273079395294,3,2025,75.44,2909.5,79.27,2909.5,73.86,2909.5,74.02,2909.5,100.0,278.580716167563,75.81333333333335,75.21333333333332,0.0,278.580716167563,2909.5,2909.5,100.0,-0.03592258748674437,-0.015299214730571276,0.0,0.0,0,0,1.0,6.123233995736766e-17,1,0,0,1,0
2025-04-01,2025-04-01,2909.5,68.13,278.580716167563,100.0,-1.93273079395294,4,2025,72.73,2909.5,75.44,2909.5,79.27,2909.5,75.63,2909.5,100.0,278.580716167563,72.10000000000001,73.96333333333332,0.0,278.580716167563,2909.5,2909.5,100.0,-0.06324762821394214,-0.14053235776460204,0.0,0.0,0,0,0.8660254037844387,-0.4999999999999998,2,0,0,1,0
2025-05-01,2025-05-01,2909.5,64.45,278.580716167563,100.0,-1.93273079395294,5,2025,68.13,2909.5,72.73,2909.5,75.44,2909.5,74.35,2909.5,100.0,278.580716167563,68.43666666666667,72.31333333333333,0.0,278.580716167563,2909.5,2909.5,100.0,-0.05401438426537486,-0.14567868504771997,0.0,0.0,0,0,0.49999999999999994,-0.8660254037844387,2,0,0,1,0
2025-06-01,2025-06-01,2909.5,71.44,278.580716167563,100.0,-1.93273079395294,6,2025,64.45,2909.5,68.13,2909.5,72.73,2909.5,73.86,2909.5,100.0,278.580716167563,68.00666666666667,71.91,0.0,278.580716167563,2909.5,2909.5,100.0,0.10845616757176102,-0.017736834868692486,0.0,0.0,1,0,1.2246467991473532e-16,-1.0,2,0,0,1,0
2025-07-01,2025-07-01,2909.5,71.04,278.580716167563,100.0,-1.93273079395294,7,2025,71.44,2909.5,64.45,2909.5,68.13,2909.5,79.27,2909.5,100.0,278.580716167563,68.97666666666667,70.53833333333334,0.0,278.580716167563,2909.5,2909.5,100.0,-0.005599104143336975,0.042712461470717944,0.0,0.0,0,0,-0.4999999999999997,-0.8660254037844388,3,0,0,1,0
2025-08-01,2025-08-01,2909.5,67.87,278.580716167563,100.0,-1.93273079395294,8,2025,71.04,2909.5,71.44,2909.5,64.45,2909.5,75.44,2909.5,100.0,278.580716167563,70.11666666666667,69.27666666666666,0.0,278.580716167563,2909.5,2909.5,100.0,-0.04462274774774777,0.05306439100077576,0.0,0.0,0,0,-0.8660254037844385,-0.5000000000000004,3,0,0,1,0
2025-09-01,2025-09-01,2909.5,67.99,278.580716167563,100.0,-1.93273079395294,9,2025,67.87,2909.5,71.04,2909.5,71.44,2909.5,72.73,2909.5,100.0,278.580716167563,68.96666666666668,68.48666666666666,0.0,278.580716167563,2909.5,2909.5,100.0,0.0017680860468540782,-0.04829227323628227,0.0,0.0,1,0,-1.0,-1.8369701987210297e-16,3,0,0,1,0
2025-10-01,2025-10-01,2909.5,64.54,278.580716167563,100.0,-1.93273079395294,10,2025,67.99,2909.5,67.87,2909.5,71.04,2909.5,68.13,2909.5,100.0,278.580716167563,66.80000000000001,67.88833333333334,0.0,278.580716167563,2909.5,2909.5,100.0,-0.050742756287689206,-0.09149774774774777,0.0,0.0,0,0,-0.8660254037844386,0.5000000000000001,4,1,0,1,0
2025-11-01,2025-11-01,2909.5,63.8,278.580716167563,100.0,-1.93273079395294,11,2025,64.54,2909.5,67.99,2909.5,67.87,2909.5,64.45,2909.5,100.0,278.580716167563,65.44333333333334,67.78,0.0,278.580716167563,2909.5,2909.5,100.0,-0.011465757669662402,-0.05996758508914113,0.0,0.0,0,0,-0.5000000000000004,0.8660254037844384,4,1,0,1,0
2025-12-01,2025-12-01,2909.5,62.54,278.580716167563,100.0,-1.93273079395294,12,2025,63.8,2909.5,64.54,2909.5,67.99,2909.5,71.44,2909.5,100.0,278.580716167563,63.62666666666667,66.29666666666667,0.0,278.580716167563,2909.5,2909.5,100.0,-0.019749216300940398,-0.08015884688924835,0.0,0.0,0,0,-2.4492935982947064e-16,1.0,4,1,0,1,0
2026-01-01,2026-01-01,2909.5,66.6,278.580716167563,100.0,-1.93273079395294,1,2026,62.54,2909.5,63.8,2909.5,64.54,2909.5,71.04,2909.5,100.0,278.580716167563,64.31333333333335,65.55666666666667,0.0,278.580716167563,2909.5,2909.5,100.0,0.06491845219059789,0.031918190269599966,0.0,0.0,1,0,0.49999999999999994,0.8660254037844387,1,0,0,1,0
2026-02-01,2026-02-01,2909.5,66.6,278.580716167563,100.0,-1.93273079395294,2,2026,66.6,2909.5,62.54,2909.5,63.8,2909.5,67.87,2909.5,100.0,278.580716167563,65.24666666666668,65.34500000000001,0.0,278.580716167563,2909.5,2909.5,100.0,0.0,0.043887147335423204,0.0,0.0,0,0,0.8660254037844386,0.5000000000000001,1,0,0,1,0
2026-03-01,2026-03-01,2909.5,66.6,278.580716167563,100.0,-1.93273079395294,3,2026,66.6,2909.5,66.6,2909.5,62.54,2909.5,67.99,2909.5,100.0,278.580716167563,66.6,65.11333333333333,0.0,278.580716167563,2909.5,2909.5,100.0,0.0,0.06491845219059789,0.0,0.0,0,0,1.0,6.123233995736766e-17,1,0,0,1,0
